recorded_config_hash,canonical_config_hash,status,referenced_by
00083bc347086e7a,00083bc347086e7a,MATCH,data/component_ablation_runs.csv; data/sequential_timing_runs.csv; data/switching_control_runs.csv
013b693c9e62bb8b,013b693c9e62bb8b,MATCH,data/boundary_lower_runs.csv
018a8be4c8e2beb7,018a8be4c8e2beb7,MATCH,data/component_ablation_runs.csv; data/sequential_timing_runs.csv
0512a99aeda5668a,0512a99aeda5668a,MATCH,data/boundary_upper_runs.csv
06d8b74293ac6ef6,06d8b74293ac6ef6,MATCH,data/component_ablation_runs.csv; data/sequential_timing_runs.csv; data/switching_control_runs.csv
116fb11bf6753690,3c67b7be70c5885f,LEGACY_IDENTIFIER_MAP,data/equal_distance_budget_runs.csv
11ac6c16f7b6eae0,11ac6c16f7b6eae0,MATCH,data/component_ablation_runs.csv; data/sequential_timing_runs.csv
128e18dba06b610a,128e18dba06b610a,MATCH,data/interaction_runs.csv
161c98eae546ac8b,161c98eae546ac8b,MATCH,data/boundary_upper_runs.csv
180b89995e518175,180b89995e518175,MATCH,data/component_ablation_runs.csv; data/sequential_timing_runs.csv
209b244a55c84f3f,209b244a55c84f3f,MATCH,data/component_ablation_runs.csv; data/interaction_runs.csv; data/sequential_timing_runs.csv
23e6f34c76eaf7d1,23e6f34c76eaf7d1,MATCH,data/component_ablation_runs.csv; data/sequential_timing_runs.csv
3350416354f41c33,3350416354f41c33,MATCH,data/component_ablation_runs.csv; data/sequential_timing_runs.csv
392a30a71df55576,392a30a71df55576,MATCH,data/interaction_runs.csv
3a4afdd99efede85,3a4afdd99efede85,MATCH,data/switching_control_runs.csv
3a74c9628dabef3c,3a74c9628dabef3c,MATCH,data/interaction_runs.csv
3afff0f339621a19,3afff0f339621a19,MATCH,data/switching_control_runs.csv
3f93938b8d98278c,3f93938b8d98278c,MATCH,data/component_ablation_runs.csv; data/sequential_timing_runs.csv
4721959740e9440d,bf006d81778267b1,LEGACY_IDENTIFIER_MAP,data/equal_distance_budget_runs.csv
4ce816c4ab00a88a,4ce816c4ab00a88a,MATCH,data/component_ablation_runs.csv; data/sequential_timing_runs.csv
508d42c14f92186e,508d42c14f92186e,MATCH,data/component_ablation_runs.csv; data/sequential_timing_runs.csv
578dda65bdf06f1b,578dda65bdf06f1b,MATCH,data/boundary_lower_runs.csv
5bf7fdb7b4f06017,5bf7fdb7b4f06017,MATCH,data/component_ablation_runs.csv; data/sequential_timing_runs.csv; data/switching_control_runs.csv
61ba92a3430ed643,61ba92a3430ed643,MATCH,data/component_ablation_runs.csv; data/sequential_timing_runs.csv; data/switching_control_runs.csv
62510519189f2744,62510519189f2744,MATCH,data/component_ablation_runs.csv; data/sequential_timing_runs.csv
66c20ead6192e2d9,00083bc347086e7a,LEGACY_IDENTIFIER_MAP,data/equal_distance_budget_runs.csv
6834128f62d33656,06d8b74293ac6ef6,LEGACY_IDENTIFIER_MAP,data/equal_distance_budget_runs.csv
6ac39e78a5aef412,6ac39e78a5aef412,MATCH,data/component_ablation_runs.csv; data/sequential_timing_runs.csv
6ae93ed3cfd802f1,6ae93ed3cfd802f1,MATCH,data/boundary_lower_runs.csv
73881d93354f5483,73881d93354f5483,MATCH,data/switching_control_runs.csv
78e723797ccf93fd,78e723797ccf93fd,MATCH,data/component_ablation_runs.csv; data/sequential_timing_runs.csv
7a1b9435f1a6bbf1,7a1b9435f1a6bbf1,MATCH,data/component_ablation_runs.csv; data/sequential_timing_runs.csv
7d9ec7fc0b9c31cd,7d9ec7fc0b9c31cd,MATCH,data/interaction_runs.csv
83c7d91a0a2fbee2,83c7d91a0a2fbee2,MATCH,data/switching_control_runs.csv
8b1161f6156b96e9,09b808c321b22e40,LEGACY_IDENTIFIER_MAP,data/equal_distance_budget_runs.csv
8b4a3b253cf27c45,8b4a3b253cf27c45,MATCH,data/switching_control_runs.csv
8f01210ccc4b938d,8f01210ccc4b938d,MATCH,data/component_ablation_runs.csv; data/sequential_timing_runs.csv
8f820d7ce2f873e9,8f820d7ce2f873e9,MATCH,data/boundary_upper_runs.csv
8fd7abf883be1469,8fd7abf883be1469,MATCH,data/component_ablation_runs.csv; data/interaction_runs.csv; data/sequential_timing_runs.csv; data/switching_control_runs.csv
93b53205b21668ad,bcd2385f380f6261,LEGACY_IDENTIFIER_MAP,data/equal_distance_budget_runs.csv
93c38b1b15d6f63a,93c38b1b15d6f63a,MATCH,data/switching_control_runs.csv
94cc7f4903aa91b8,5b4e520e183aba7c,LEGACY_IDENTIFIER_MAP,data/equal_distance_budget_runs.csv
997ab3a3cb5cfd72,997ab3a3cb5cfd72,MATCH,data/switching_control_runs.csv
9b7068053b0b6aac,9b7068053b0b6aac,MATCH,data/component_ablation_runs.csv; data/sequential_timing_runs.csv; data/switching_control_runs.csv
a456befbcec255e5,5bf7fdb7b4f06017,LEGACY_IDENTIFIER_MAP,data/equal_distance_budget_runs.csv
a476ba54133c3748,a476ba54133c3748,MATCH,data/switching_control_runs.csv
a76e8cd0b0af7fbf,a76e8cd0b0af7fbf,MATCH,data/component_ablation_runs.csv; data/sequential_timing_runs.csv
a7c41bfde6bdcb3b,a7c41bfde6bdcb3b,MATCH,data/component_ablation_runs.csv; data/sequential_timing_runs.csv
ae993fda1af22cd9,ae993fda1af22cd9,MATCH,data/component_ablation_runs.csv; data/sequential_timing_runs.csv; data/switching_control_runs.csv
b0e6bafb1c7ccca0,b0e6bafb1c7ccca0,MATCH,data/component_ablation_runs.csv; data/sequential_timing_runs.csv
bdf8690b5c34df07,bdf8690b5c34df07,MATCH,data/component_ablation_runs.csv; data/sequential_timing_runs.csv
c254bf082018ce29,c254bf082018ce29,MATCH,data/component_ablation_runs.csv; data/sequential_timing_runs.csv
c2d5982340a1ff16,c2d5982340a1ff16,MATCH,data/component_ablation_runs.csv; data/interaction_runs.csv; data/sequential_timing_runs.csv
c8487b3de7d8795f,c8487b3de7d8795f,MATCH,data/component_ablation_runs.csv; data/sequential_timing_runs.csv
cb3ad1c3701888fd,cb3ad1c3701888fd,MATCH,data/component_ablation_runs.csv; data/sequential_timing_runs.csv
ce0b2b28bbcd7c64,a28d33b754ad6868,LEGACY_IDENTIFIER_MAP,data/equal_distance_budget_runs.csv
d760a429192ff2bb,d760a429192ff2bb,MATCH,data/component_ablation_runs.csv; data/interaction_runs.csv; data/sequential_timing_runs.csv; data/switching_control_runs.csv
e690c864a28030a2,8fd7abf883be1469,LEGACY_IDENTIFIER_MAP,data/equal_distance_budget_runs.csv
e6cb877b166801a7,e6cb877b166801a7,MATCH,data/component_ablation_runs.csv; data/sequential_timing_runs.csv
f1315a2654aaebbf,e3766f2f3602313b,LEGACY_IDENTIFIER_MAP,data/equal_distance_budget_runs.csv
faa9cb3a381ab2e0,4f343cae19bc5f85,LEGACY_IDENTIFIER_MAP,data/equal_distance_budget_runs.csv
fdcd042d593ef3bc,fdcd042d593ef3bc,MATCH,data/component_ablation_runs.csv; data/sequential_timing_runs.csv
