Experiment,Run subset,Operating system,Processor,Python,NumPy,Thread limits,Timing interpretation,Environment provenance
Component-wise ablation,"ulysses22, st70, kroC100",Windows 10 22H2,Intel Core i7-10700,3.12.13,2.3.5,"OMP/MKL/OPENBLAS/NUMEXPR=1",Solution quality; recorded timing is not used for cross-platform claims,component_ablation_batch_A
Component-wise ablation,kroA150,Windows 10 22H2,Intel Core i7-10700,3.13.0,2.3.5,"OMP/MKL/OPENBLAS/NUMEXPR=1",Solution quality; recorded timing is not used for cross-platform claims,component_ablation_batch_B
Focused interaction,st70,Windows 10 22H2,Intel Core i7-10700,3.12.13,2.3.5,"OMP/MKL/OPENBLAS/NUMEXPR=1",Solution quality only,focused_interaction_batch
Equal distance-query budget,"ulysses22, st70, kroC100, kroA150",Windows 10 22H2,Intel Core i7-10700,3.12.14,2.3.5,"OMP/MKL/OPENBLAS/NUMEXPR=1",End-to-end time is descriptive; fairness is based on distance lookups,equal_budget_batch
Switching control,"ulysses22, st70, kroC100",Windows 10 22H2,Intel Core i7-10700,3.12.13,2.3.5,"OMP/MKL/OPENBLAS/NUMEXPR=1",Solution quality only,switching_control_batch_A
Switching control,kroA150,Windows 10 22H2,Intel Core i7-10700,3.12.14,2.3.5,"OMP/MKL/OPENBLAS/NUMEXPR=1",Solution quality only,switching_control_batch_B
Boundary sensitivity,"lin105, ch150",Windows 10 22H2,Intel Core i7-10700,3.12.13,2.3.5,"OMP/MKL/OPENBLAS/NUMEXPR=1",Solution quality and distance lookups,boundary_sensitivity_batch
Sequential timing,"ulysses22, st70, kroC100, kroA150",Windows 10 22H2,Intel Core i7-10700,3.12.14,2.3.5,"OMP/MKL/OPENBLAS/NUMEXPR=1",Single-process end-to-end wall-clock timing; five independent runs per cell,sequential_timing_batch
Segmented versus fixed 1000,"eil76, ch150, kroA200, ts225",Not retained,Not retained,Not retained,Not retained,Not retained,"Historical runtime values are reported as archived; no platform equivalence is claimed",historical segmented-budget archive
