tag,instance,algorithm,bks,reported_best,reported_deviation_percent,source
1,burma14.tsp,ACS,3323,3336,0.39,Manuscript 35-instance main-results table
1,burma14.tsp,MMAS,3323,3336,0.39,Manuscript 35-instance main-results table
1,burma14.tsp,MSA-ACO,3323,3323,0,Manuscript 35-instance main-results table
2,ulysses22.tsp,ACS,7013,7045,0.46,Manuscript 35-instance main-results table
2,ulysses22.tsp,MMAS,7013,7013,0,Manuscript 35-instance main-results table
2,ulysses22.tsp,MSA-ACO,7013,7013,0,Manuscript 35-instance main-results table
3,bayg29.tsp,ACS,1610,1634,1.49,Manuscript 35-instance main-results table
3,bayg29.tsp,MMAS,1610,1670,3.73,Manuscript 35-instance main-results table
3,bayg29.tsp,MSA-ACO,1610,1610,0,Manuscript 35-instance main-results table
4,swiss42.tsp,ACS,1273,1273,0,Manuscript 35-instance main-results table
4,swiss42.tsp,MMAS,1273,1293,1.57,Manuscript 35-instance main-results table
4,swiss42.tsp,MSA-ACO,1273,1273,0,Manuscript 35-instance main-results table
5,att48.tsp,ACS,33522,33599,0.23,Manuscript 35-instance main-results table
5,att48.tsp,MMAS,33522,35195,4.99,Manuscript 35-instance main-results table
5,att48.tsp,MSA-ACO,33522,33522,0,Manuscript 35-instance main-results table
6,eil51.tsp,ACS,426,428,0.47,Manuscript 35-instance main-results table
6,eil51.tsp,MMAS,426,438,2.82,Manuscript 35-instance main-results table
6,eil51.tsp,MSA-ACO,426,426,0,Manuscript 35-instance main-results table
7,berlin52.tsp,ACS,7542,7547,0.07,Manuscript 35-instance main-results table
7,berlin52.tsp,MMAS,7542,7547,0.07,Manuscript 35-instance main-results table
7,berlin52.tsp,MSA-ACO,7542,7542,0,Manuscript 35-instance main-results table
8,st70.tsp,ACS,675,682,1.04,Manuscript 35-instance main-results table
8,st70.tsp,MMAS,675,703,4.15,Manuscript 35-instance main-results table
8,st70.tsp,MSA-ACO,675,675,0,Manuscript 35-instance main-results table
9,eil76.tsp,ACS,538,542,0.74,Manuscript 35-instance main-results table
9,eil76.tsp,MMAS,538,560,4.09,Manuscript 35-instance main-results table
9,eil76.tsp,MSA-ACO,538,538,0,Manuscript 35-instance main-results table
10,rat99.tsp,ACS,1211,1222,0.91,Manuscript 35-instance main-results table
10,rat99.tsp,MMAS,1211,1289,6.44,Manuscript 35-instance main-results table
10,rat99.tsp,MSA-ACO,1211,1211,0,Manuscript 35-instance main-results table
11,kroA100.tsp,ACS,21282,21666,1.80,Manuscript 35-instance main-results table
11,kroA100.tsp,MMAS,21282,22503,5.74,Manuscript 35-instance main-results table
11,kroA100.tsp,MSA-ACO,21282,21282,0,Manuscript 35-instance main-results table
12,kroB100.tsp,ACS,22141,22375,1.06,Manuscript 35-instance main-results table
12,kroB100.tsp,MMAS,22141,22499,1.62,Manuscript 35-instance main-results table
12,kroB100.tsp,MSA-ACO,22141,22141,0,Manuscript 35-instance main-results table
13,kroC100.tsp,ACS,20749,20943,0.93,Manuscript 35-instance main-results table
13,kroC100.tsp,MMAS,20749,21396,3.12,Manuscript 35-instance main-results table
13,kroC100.tsp,MSA-ACO,20749,20749,0,Manuscript 35-instance main-results table
14,kroD100.tsp,ACS,21294,21710,1.95,Manuscript 35-instance main-results table
14,kroD100.tsp,MMAS,21294,22290,4.68,Manuscript 35-instance main-results table
14,kroD100.tsp,MSA-ACO,21294,21294,0,Manuscript 35-instance main-results table
15,kroE100.tsp,ACS,22068,22349,1.27,Manuscript 35-instance main-results table
15,kroE100.tsp,MMAS,22068,23192,5.09,Manuscript 35-instance main-results table
15,kroE100.tsp,MSA-ACO,22068,22068,0,Manuscript 35-instance main-results table
16,eil101.tsp,ACS,629,642,2.07,Manuscript 35-instance main-results table
16,eil101.tsp,MMAS,629,690,9.70,Manuscript 35-instance main-results table
16,eil101.tsp,MSA-ACO,629,629,0,Manuscript 35-instance main-results table
17,lin105.tsp,ACS,14379,14489,0.77,Manuscript 35-instance main-results table
17,lin105.tsp,MMAS,14379,14788,2.84,Manuscript 35-instance main-results table
17,lin105.tsp,MSA-ACO,14379,14379,0,Manuscript 35-instance main-results table
18,pr107.tsp,ACS,44303,45626,2.99,Manuscript 35-instance main-results table
18,pr107.tsp,MMAS,44303,45488,2.67,Manuscript 35-instance main-results table
18,pr107.tsp,MSA-ACO,44303,44303,0,Manuscript 35-instance main-results table
19,bier127.tsp,ACS,118282,121247,2.51,Manuscript 35-instance main-results table
19,bier127.tsp,MMAS,118282,123317,4.26,Manuscript 35-instance main-results table
19,bier127.tsp,MSA-ACO,118282,118282,0,Manuscript 35-instance main-results table
20,ch130.tsp,ACS,6110,6228,1.93,Manuscript 35-instance main-results table
20,ch130.tsp,MMAS,6110,6364,4.16,Manuscript 35-instance main-results table
20,ch130.tsp,MSA-ACO,6110,6115,0.08,Manuscript 35-instance main-results table
21,gr137.tsp,ACS,69853,70309,0.65,Manuscript 35-instance main-results table
21,gr137.tsp,MMAS,69853,73840,5.71,Manuscript 35-instance main-results table
21,gr137.tsp,MSA-ACO,69853,69856,<0.01,Manuscript 35-instance main-results table
22,ch150.tsp,ACS,6528,6694,2.54,Manuscript 35-instance main-results table
22,ch150.tsp,MMAS,6528,6761,3.57,Manuscript 35-instance main-results table
22,ch150.tsp,MSA-ACO,6528,6528,0,Manuscript 35-instance main-results table
23,kroB150.tsp,ACS,26130,27461,5.09,Manuscript 35-instance main-results table
23,kroB150.tsp,MMAS,26130,27986,7.10,Manuscript 35-instance main-results table
23,kroB150.tsp,MSA-ACO,26130,26160,0.11,Manuscript 35-instance main-results table
24,kroA150.tsp,ACS,26524,28643,7.99,Manuscript 35-instance main-results table
24,kroA150.tsp,MMAS,26524,27870,5.07,Manuscript 35-instance main-results table
24,kroA150.tsp,MSA-ACO,26524,26601,0.29,Manuscript 35-instance main-results table
25,d198.tsp,ACS,15780,16842,6.73,Manuscript 35-instance main-results table
25,d198.tsp,MMAS,15780,16447,4.23,Manuscript 35-instance main-results table
25,d198.tsp,MSA-ACO,15780,15849,0.44,Manuscript 35-instance main-results table
26,kroA200.tsp,ACS,29368,31344,6.73,Manuscript 35-instance main-results table
26,kroA200.tsp,MMAS,29368,31783,8.22,Manuscript 35-instance main-results table
26,kroA200.tsp,MSA-ACO,29368,29368,0,Manuscript 35-instance main-results table
27,kroB200.tsp,ACS,29437,32085,9,Manuscript 35-instance main-results table
27,kroB200.tsp,MMAS,29437,32803,11.43,Manuscript 35-instance main-results table
27,kroB200.tsp,MSA-ACO,29437,29559,0.41,Manuscript 35-instance main-results table
28,gr202.tsp,ACS,40160,44457,10.70,Manuscript 35-instance main-results table
28,gr202.tsp,MMAS,40160,43624,8.63,Manuscript 35-instance main-results table
28,gr202.tsp,MSA-ACO,40160,40648,1.22,Manuscript 35-instance main-results table
29,ts225.tsp,ACS,126643,131689,3.98,Manuscript 35-instance main-results table
29,ts225.tsp,MMAS,126643,131576,3.90,Manuscript 35-instance main-results table
29,ts225.tsp,MSA-ACO,126643,126643,0,Manuscript 35-instance main-results table
30,pr226.tsp,ACS,80369,85668,6.59,Manuscript 35-instance main-results table
30,pr226.tsp,MMAS,80369,84004,4.52,Manuscript 35-instance main-results table
30,pr226.tsp,MSA-ACO,80369,80444,0.09,Manuscript 35-instance main-results table
31,gil262.tsp,ACS,2378,2604,9.50,Manuscript 35-instance main-results table
31,gil262.tsp,MMAS,2378,2556,7.49,Manuscript 35-instance main-results table
31,gil262.tsp,MSA-ACO,2378,2394,0.67,Manuscript 35-instance main-results table
32,pr264.tsp,ACS,49135,52038,5.91,Manuscript 35-instance main-results table
32,pr264.tsp,MMAS,49135,52282,6.40,Manuscript 35-instance main-results table
32,pr264.tsp,MSA-ACO,49135,49189,0.11,Manuscript 35-instance main-results table
33,a280.tsp,ACS,2579,2994,16.09,Manuscript 35-instance main-results table
33,a280.tsp,MMAS,2579,2902,12.52,Manuscript 35-instance main-results table
33,a280.tsp,MSA-ACO,2579,2600,0.81,Manuscript 35-instance main-results table
34,pr299.tsp,ACS,48191,53779,11.60,Manuscript 35-instance main-results table
34,pr299.tsp,MMAS,48191,54404,12.89,Manuscript 35-instance main-results table
34,pr299.tsp,MSA-ACO,48191,48454,0.55,Manuscript 35-instance main-results table
35,lin318.tsp,ACS,42029,45877,9.16,Manuscript 35-instance main-results table
35,lin318.tsp,MMAS,42029,46509,10.66,Manuscript 35-instance main-results table
35,lin318.tsp,MSA-ACO,42029,42522,1.17,Manuscript 35-instance main-results table
