instance,algorithm,run,base_seed,derived_seed,seed_scheme
burma14.tsp,ACS,1,20251110,20262111,base+instance_index*10000+algorithm_index*1000+run_index
burma14.tsp,ACS,2,20251110,20262112,base+instance_index*10000+algorithm_index*1000+run_index
burma14.tsp,ACS,3,20251110,20262113,base+instance_index*10000+algorithm_index*1000+run_index
burma14.tsp,ACS,4,20251110,20262114,base+instance_index*10000+algorithm_index*1000+run_index
burma14.tsp,ACS,5,20251110,20262115,base+instance_index*10000+algorithm_index*1000+run_index
burma14.tsp,ACS,6,20251110,20262116,base+instance_index*10000+algorithm_index*1000+run_index
burma14.tsp,ACS,7,20251110,20262117,base+instance_index*10000+algorithm_index*1000+run_index
burma14.tsp,ACS,8,20251110,20262118,base+instance_index*10000+algorithm_index*1000+run_index
burma14.tsp,ACS,9,20251110,20262119,base+instance_index*10000+algorithm_index*1000+run_index
burma14.tsp,ACS,10,20251110,20262120,base+instance_index*10000+algorithm_index*1000+run_index
burma14.tsp,MMAS,1,20251110,20263111,base+instance_index*10000+algorithm_index*1000+run_index
burma14.tsp,MMAS,2,20251110,20263112,base+instance_index*10000+algorithm_index*1000+run_index
burma14.tsp,MMAS,3,20251110,20263113,base+instance_index*10000+algorithm_index*1000+run_index
burma14.tsp,MMAS,4,20251110,20263114,base+instance_index*10000+algorithm_index*1000+run_index
burma14.tsp,MMAS,5,20251110,20263115,base+instance_index*10000+algorithm_index*1000+run_index
burma14.tsp,MMAS,6,20251110,20263116,base+instance_index*10000+algorithm_index*1000+run_index
burma14.tsp,MMAS,7,20251110,20263117,base+instance_index*10000+algorithm_index*1000+run_index
burma14.tsp,MMAS,8,20251110,20263118,base+instance_index*10000+algorithm_index*1000+run_index
burma14.tsp,MMAS,9,20251110,20263119,base+instance_index*10000+algorithm_index*1000+run_index
burma14.tsp,MMAS,10,20251110,20263120,base+instance_index*10000+algorithm_index*1000+run_index
burma14.tsp,MSA-ACO,1,20251110,20252110,base+instance_index*1000+run_index-1
burma14.tsp,MSA-ACO,2,20251110,20252111,base+instance_index*1000+run_index-1
burma14.tsp,MSA-ACO,3,20251110,20252112,base+instance_index*1000+run_index-1
burma14.tsp,MSA-ACO,4,20251110,20252113,base+instance_index*1000+run_index-1
burma14.tsp,MSA-ACO,5,20251110,20252114,base+instance_index*1000+run_index-1
burma14.tsp,MSA-ACO,6,20251110,20252115,base+instance_index*1000+run_index-1
burma14.tsp,MSA-ACO,7,20251110,20252116,base+instance_index*1000+run_index-1
burma14.tsp,MSA-ACO,8,20251110,20252117,base+instance_index*1000+run_index-1
burma14.tsp,MSA-ACO,9,20251110,20252118,base+instance_index*1000+run_index-1
burma14.tsp,MSA-ACO,10,20251110,20252119,base+instance_index*1000+run_index-1
ulysses22.tsp,ACS,1,20251110,20272111,base+instance_index*10000+algorithm_index*1000+run_index
ulysses22.tsp,ACS,2,20251110,20272112,base+instance_index*10000+algorithm_index*1000+run_index
ulysses22.tsp,ACS,3,20251110,20272113,base+instance_index*10000+algorithm_index*1000+run_index
ulysses22.tsp,ACS,4,20251110,20272114,base+instance_index*10000+algorithm_index*1000+run_index
ulysses22.tsp,ACS,5,20251110,20272115,base+instance_index*10000+algorithm_index*1000+run_index
ulysses22.tsp,ACS,6,20251110,20272116,base+instance_index*10000+algorithm_index*1000+run_index
ulysses22.tsp,ACS,7,20251110,20272117,base+instance_index*10000+algorithm_index*1000+run_index
ulysses22.tsp,ACS,8,20251110,20272118,base+instance_index*10000+algorithm_index*1000+run_index
ulysses22.tsp,ACS,9,20251110,20272119,base+instance_index*10000+algorithm_index*1000+run_index
ulysses22.tsp,ACS,10,20251110,20272120,base+instance_index*10000+algorithm_index*1000+run_index
ulysses22.tsp,MMAS,1,20251110,20273111,base+instance_index*10000+algorithm_index*1000+run_index
ulysses22.tsp,MMAS,2,20251110,20273112,base+instance_index*10000+algorithm_index*1000+run_index
ulysses22.tsp,MMAS,3,20251110,20273113,base+instance_index*10000+algorithm_index*1000+run_index
ulysses22.tsp,MMAS,4,20251110,20273114,base+instance_index*10000+algorithm_index*1000+run_index
ulysses22.tsp,MMAS,5,20251110,20273115,base+instance_index*10000+algorithm_index*1000+run_index
ulysses22.tsp,MMAS,6,20251110,20273116,base+instance_index*10000+algorithm_index*1000+run_index
ulysses22.tsp,MMAS,7,20251110,20273117,base+instance_index*10000+algorithm_index*1000+run_index
ulysses22.tsp,MMAS,8,20251110,20273118,base+instance_index*10000+algorithm_index*1000+run_index
ulysses22.tsp,MMAS,9,20251110,20273119,base+instance_index*10000+algorithm_index*1000+run_index
ulysses22.tsp,MMAS,10,20251110,20273120,base+instance_index*10000+algorithm_index*1000+run_index
ulysses22.tsp,MSA-ACO,1,20251110,20253110,base+instance_index*1000+run_index-1
ulysses22.tsp,MSA-ACO,2,20251110,20253111,base+instance_index*1000+run_index-1
ulysses22.tsp,MSA-ACO,3,20251110,20253112,base+instance_index*1000+run_index-1
ulysses22.tsp,MSA-ACO,4,20251110,20253113,base+instance_index*1000+run_index-1
ulysses22.tsp,MSA-ACO,5,20251110,20253114,base+instance_index*1000+run_index-1
ulysses22.tsp,MSA-ACO,6,20251110,20253115,base+instance_index*1000+run_index-1
ulysses22.tsp,MSA-ACO,7,20251110,20253116,base+instance_index*1000+run_index-1
ulysses22.tsp,MSA-ACO,8,20251110,20253117,base+instance_index*1000+run_index-1
ulysses22.tsp,MSA-ACO,9,20251110,20253118,base+instance_index*1000+run_index-1
ulysses22.tsp,MSA-ACO,10,20251110,20253119,base+instance_index*1000+run_index-1
bayg29.tsp,ACS,1,20251110,20282111,base+instance_index*10000+algorithm_index*1000+run_index
bayg29.tsp,ACS,2,20251110,20282112,base+instance_index*10000+algorithm_index*1000+run_index
bayg29.tsp,ACS,3,20251110,20282113,base+instance_index*10000+algorithm_index*1000+run_index
bayg29.tsp,ACS,4,20251110,20282114,base+instance_index*10000+algorithm_index*1000+run_index
bayg29.tsp,ACS,5,20251110,20282115,base+instance_index*10000+algorithm_index*1000+run_index
bayg29.tsp,ACS,6,20251110,20282116,base+instance_index*10000+algorithm_index*1000+run_index
bayg29.tsp,ACS,7,20251110,20282117,base+instance_index*10000+algorithm_index*1000+run_index
bayg29.tsp,ACS,8,20251110,20282118,base+instance_index*10000+algorithm_index*1000+run_index
bayg29.tsp,ACS,9,20251110,20282119,base+instance_index*10000+algorithm_index*1000+run_index
bayg29.tsp,ACS,10,20251110,20282120,base+instance_index*10000+algorithm_index*1000+run_index
bayg29.tsp,MMAS,1,20251110,20283111,base+instance_index*10000+algorithm_index*1000+run_index
bayg29.tsp,MMAS,2,20251110,20283112,base+instance_index*10000+algorithm_index*1000+run_index
bayg29.tsp,MMAS,3,20251110,20283113,base+instance_index*10000+algorithm_index*1000+run_index
bayg29.tsp,MMAS,4,20251110,20283114,base+instance_index*10000+algorithm_index*1000+run_index
bayg29.tsp,MMAS,5,20251110,20283115,base+instance_index*10000+algorithm_index*1000+run_index
bayg29.tsp,MMAS,6,20251110,20283116,base+instance_index*10000+algorithm_index*1000+run_index
bayg29.tsp,MMAS,7,20251110,20283117,base+instance_index*10000+algorithm_index*1000+run_index
bayg29.tsp,MMAS,8,20251110,20283118,base+instance_index*10000+algorithm_index*1000+run_index
bayg29.tsp,MMAS,9,20251110,20283119,base+instance_index*10000+algorithm_index*1000+run_index
bayg29.tsp,MMAS,10,20251110,20283120,base+instance_index*10000+algorithm_index*1000+run_index
bayg29.tsp,MSA-ACO,1,20251110,20254110,base+instance_index*1000+run_index-1
bayg29.tsp,MSA-ACO,2,20251110,20254111,base+instance_index*1000+run_index-1
bayg29.tsp,MSA-ACO,3,20251110,20254112,base+instance_index*1000+run_index-1
bayg29.tsp,MSA-ACO,4,20251110,20254113,base+instance_index*1000+run_index-1
bayg29.tsp,MSA-ACO,5,20251110,20254114,base+instance_index*1000+run_index-1
bayg29.tsp,MSA-ACO,6,20251110,20254115,base+instance_index*1000+run_index-1
bayg29.tsp,MSA-ACO,7,20251110,20254116,base+instance_index*1000+run_index-1
bayg29.tsp,MSA-ACO,8,20251110,20254117,base+instance_index*1000+run_index-1
bayg29.tsp,MSA-ACO,9,20251110,20254118,base+instance_index*1000+run_index-1
bayg29.tsp,MSA-ACO,10,20251110,20254119,base+instance_index*1000+run_index-1
swiss42.tsp,ACS,1,20251110,20292111,base+instance_index*10000+algorithm_index*1000+run_index
swiss42.tsp,ACS,2,20251110,20292112,base+instance_index*10000+algorithm_index*1000+run_index
swiss42.tsp,ACS,3,20251110,20292113,base+instance_index*10000+algorithm_index*1000+run_index
swiss42.tsp,ACS,4,20251110,20292114,base+instance_index*10000+algorithm_index*1000+run_index
swiss42.tsp,ACS,5,20251110,20292115,base+instance_index*10000+algorithm_index*1000+run_index
swiss42.tsp,ACS,6,20251110,20292116,base+instance_index*10000+algorithm_index*1000+run_index
swiss42.tsp,ACS,7,20251110,20292117,base+instance_index*10000+algorithm_index*1000+run_index
swiss42.tsp,ACS,8,20251110,20292118,base+instance_index*10000+algorithm_index*1000+run_index
swiss42.tsp,ACS,9,20251110,20292119,base+instance_index*10000+algorithm_index*1000+run_index
swiss42.tsp,ACS,10,20251110,20292120,base+instance_index*10000+algorithm_index*1000+run_index
swiss42.tsp,MMAS,1,20251110,20293111,base+instance_index*10000+algorithm_index*1000+run_index
swiss42.tsp,MMAS,2,20251110,20293112,base+instance_index*10000+algorithm_index*1000+run_index
swiss42.tsp,MMAS,3,20251110,20293113,base+instance_index*10000+algorithm_index*1000+run_index
swiss42.tsp,MMAS,4,20251110,20293114,base+instance_index*10000+algorithm_index*1000+run_index
swiss42.tsp,MMAS,5,20251110,20293115,base+instance_index*10000+algorithm_index*1000+run_index
swiss42.tsp,MMAS,6,20251110,20293116,base+instance_index*10000+algorithm_index*1000+run_index
swiss42.tsp,MMAS,7,20251110,20293117,base+instance_index*10000+algorithm_index*1000+run_index
swiss42.tsp,MMAS,8,20251110,20293118,base+instance_index*10000+algorithm_index*1000+run_index
swiss42.tsp,MMAS,9,20251110,20293119,base+instance_index*10000+algorithm_index*1000+run_index
swiss42.tsp,MMAS,10,20251110,20293120,base+instance_index*10000+algorithm_index*1000+run_index
swiss42.tsp,MSA-ACO,1,20251110,20255110,base+instance_index*1000+run_index-1
swiss42.tsp,MSA-ACO,2,20251110,20255111,base+instance_index*1000+run_index-1
swiss42.tsp,MSA-ACO,3,20251110,20255112,base+instance_index*1000+run_index-1
swiss42.tsp,MSA-ACO,4,20251110,20255113,base+instance_index*1000+run_index-1
swiss42.tsp,MSA-ACO,5,20251110,20255114,base+instance_index*1000+run_index-1
swiss42.tsp,MSA-ACO,6,20251110,20255115,base+instance_index*1000+run_index-1
swiss42.tsp,MSA-ACO,7,20251110,20255116,base+instance_index*1000+run_index-1
swiss42.tsp,MSA-ACO,8,20251110,20255117,base+instance_index*1000+run_index-1
swiss42.tsp,MSA-ACO,9,20251110,20255118,base+instance_index*1000+run_index-1
swiss42.tsp,MSA-ACO,10,20251110,20255119,base+instance_index*1000+run_index-1
att48.tsp,ACS,1,20251110,20302111,base+instance_index*10000+algorithm_index*1000+run_index
att48.tsp,ACS,2,20251110,20302112,base+instance_index*10000+algorithm_index*1000+run_index
att48.tsp,ACS,3,20251110,20302113,base+instance_index*10000+algorithm_index*1000+run_index
att48.tsp,ACS,4,20251110,20302114,base+instance_index*10000+algorithm_index*1000+run_index
att48.tsp,ACS,5,20251110,20302115,base+instance_index*10000+algorithm_index*1000+run_index
att48.tsp,ACS,6,20251110,20302116,base+instance_index*10000+algorithm_index*1000+run_index
att48.tsp,ACS,7,20251110,20302117,base+instance_index*10000+algorithm_index*1000+run_index
att48.tsp,ACS,8,20251110,20302118,base+instance_index*10000+algorithm_index*1000+run_index
att48.tsp,ACS,9,20251110,20302119,base+instance_index*10000+algorithm_index*1000+run_index
att48.tsp,ACS,10,20251110,20302120,base+instance_index*10000+algorithm_index*1000+run_index
att48.tsp,MMAS,1,20251110,20303111,base+instance_index*10000+algorithm_index*1000+run_index
att48.tsp,MMAS,2,20251110,20303112,base+instance_index*10000+algorithm_index*1000+run_index
att48.tsp,MMAS,3,20251110,20303113,base+instance_index*10000+algorithm_index*1000+run_index
att48.tsp,MMAS,4,20251110,20303114,base+instance_index*10000+algorithm_index*1000+run_index
att48.tsp,MMAS,5,20251110,20303115,base+instance_index*10000+algorithm_index*1000+run_index
att48.tsp,MMAS,6,20251110,20303116,base+instance_index*10000+algorithm_index*1000+run_index
att48.tsp,MMAS,7,20251110,20303117,base+instance_index*10000+algorithm_index*1000+run_index
att48.tsp,MMAS,8,20251110,20303118,base+instance_index*10000+algorithm_index*1000+run_index
att48.tsp,MMAS,9,20251110,20303119,base+instance_index*10000+algorithm_index*1000+run_index
att48.tsp,MMAS,10,20251110,20303120,base+instance_index*10000+algorithm_index*1000+run_index
att48.tsp,MSA-ACO,1,20251110,20256110,base+instance_index*1000+run_index-1
att48.tsp,MSA-ACO,2,20251110,20256111,base+instance_index*1000+run_index-1
att48.tsp,MSA-ACO,3,20251110,20256112,base+instance_index*1000+run_index-1
att48.tsp,MSA-ACO,4,20251110,20256113,base+instance_index*1000+run_index-1
att48.tsp,MSA-ACO,5,20251110,20256114,base+instance_index*1000+run_index-1
att48.tsp,MSA-ACO,6,20251110,20256115,base+instance_index*1000+run_index-1
att48.tsp,MSA-ACO,7,20251110,20256116,base+instance_index*1000+run_index-1
att48.tsp,MSA-ACO,8,20251110,20256117,base+instance_index*1000+run_index-1
att48.tsp,MSA-ACO,9,20251110,20256118,base+instance_index*1000+run_index-1
att48.tsp,MSA-ACO,10,20251110,20256119,base+instance_index*1000+run_index-1
eil51.tsp,ACS,1,20251110,20312111,base+instance_index*10000+algorithm_index*1000+run_index
eil51.tsp,ACS,2,20251110,20312112,base+instance_index*10000+algorithm_index*1000+run_index
eil51.tsp,ACS,3,20251110,20312113,base+instance_index*10000+algorithm_index*1000+run_index
eil51.tsp,ACS,4,20251110,20312114,base+instance_index*10000+algorithm_index*1000+run_index
eil51.tsp,ACS,5,20251110,20312115,base+instance_index*10000+algorithm_index*1000+run_index
eil51.tsp,ACS,6,20251110,20312116,base+instance_index*10000+algorithm_index*1000+run_index
eil51.tsp,ACS,7,20251110,20312117,base+instance_index*10000+algorithm_index*1000+run_index
eil51.tsp,ACS,8,20251110,20312118,base+instance_index*10000+algorithm_index*1000+run_index
eil51.tsp,ACS,9,20251110,20312119,base+instance_index*10000+algorithm_index*1000+run_index
eil51.tsp,ACS,10,20251110,20312120,base+instance_index*10000+algorithm_index*1000+run_index
eil51.tsp,MMAS,1,20251110,20313111,base+instance_index*10000+algorithm_index*1000+run_index
eil51.tsp,MMAS,2,20251110,20313112,base+instance_index*10000+algorithm_index*1000+run_index
eil51.tsp,MMAS,3,20251110,20313113,base+instance_index*10000+algorithm_index*1000+run_index
eil51.tsp,MMAS,4,20251110,20313114,base+instance_index*10000+algorithm_index*1000+run_index
eil51.tsp,MMAS,5,20251110,20313115,base+instance_index*10000+algorithm_index*1000+run_index
eil51.tsp,MMAS,6,20251110,20313116,base+instance_index*10000+algorithm_index*1000+run_index
eil51.tsp,MMAS,7,20251110,20313117,base+instance_index*10000+algorithm_index*1000+run_index
eil51.tsp,MMAS,8,20251110,20313118,base+instance_index*10000+algorithm_index*1000+run_index
eil51.tsp,MMAS,9,20251110,20313119,base+instance_index*10000+algorithm_index*1000+run_index
eil51.tsp,MMAS,10,20251110,20313120,base+instance_index*10000+algorithm_index*1000+run_index
eil51.tsp,MSA-ACO,1,20251110,20257110,base+instance_index*1000+run_index-1
eil51.tsp,MSA-ACO,2,20251110,20257111,base+instance_index*1000+run_index-1
eil51.tsp,MSA-ACO,3,20251110,20257112,base+instance_index*1000+run_index-1
eil51.tsp,MSA-ACO,4,20251110,20257113,base+instance_index*1000+run_index-1
eil51.tsp,MSA-ACO,5,20251110,20257114,base+instance_index*1000+run_index-1
eil51.tsp,MSA-ACO,6,20251110,20257115,base+instance_index*1000+run_index-1
eil51.tsp,MSA-ACO,7,20251110,20257116,base+instance_index*1000+run_index-1
eil51.tsp,MSA-ACO,8,20251110,20257117,base+instance_index*1000+run_index-1
eil51.tsp,MSA-ACO,9,20251110,20257118,base+instance_index*1000+run_index-1
eil51.tsp,MSA-ACO,10,20251110,20257119,base+instance_index*1000+run_index-1
berlin52.tsp,ACS,1,20251110,20322111,base+instance_index*10000+algorithm_index*1000+run_index
berlin52.tsp,ACS,2,20251110,20322112,base+instance_index*10000+algorithm_index*1000+run_index
berlin52.tsp,ACS,3,20251110,20322113,base+instance_index*10000+algorithm_index*1000+run_index
berlin52.tsp,ACS,4,20251110,20322114,base+instance_index*10000+algorithm_index*1000+run_index
berlin52.tsp,ACS,5,20251110,20322115,base+instance_index*10000+algorithm_index*1000+run_index
berlin52.tsp,ACS,6,20251110,20322116,base+instance_index*10000+algorithm_index*1000+run_index
berlin52.tsp,ACS,7,20251110,20322117,base+instance_index*10000+algorithm_index*1000+run_index
berlin52.tsp,ACS,8,20251110,20322118,base+instance_index*10000+algorithm_index*1000+run_index
berlin52.tsp,ACS,9,20251110,20322119,base+instance_index*10000+algorithm_index*1000+run_index
berlin52.tsp,ACS,10,20251110,20322120,base+instance_index*10000+algorithm_index*1000+run_index
berlin52.tsp,MMAS,1,20251110,20323111,base+instance_index*10000+algorithm_index*1000+run_index
berlin52.tsp,MMAS,2,20251110,20323112,base+instance_index*10000+algorithm_index*1000+run_index
berlin52.tsp,MMAS,3,20251110,20323113,base+instance_index*10000+algorithm_index*1000+run_index
berlin52.tsp,MMAS,4,20251110,20323114,base+instance_index*10000+algorithm_index*1000+run_index
berlin52.tsp,MMAS,5,20251110,20323115,base+instance_index*10000+algorithm_index*1000+run_index
berlin52.tsp,MMAS,6,20251110,20323116,base+instance_index*10000+algorithm_index*1000+run_index
berlin52.tsp,MMAS,7,20251110,20323117,base+instance_index*10000+algorithm_index*1000+run_index
berlin52.tsp,MMAS,8,20251110,20323118,base+instance_index*10000+algorithm_index*1000+run_index
berlin52.tsp,MMAS,9,20251110,20323119,base+instance_index*10000+algorithm_index*1000+run_index
berlin52.tsp,MMAS,10,20251110,20323120,base+instance_index*10000+algorithm_index*1000+run_index
berlin52.tsp,MSA-ACO,1,20251110,20258110,base+instance_index*1000+run_index-1
berlin52.tsp,MSA-ACO,2,20251110,20258111,base+instance_index*1000+run_index-1
berlin52.tsp,MSA-ACO,3,20251110,20258112,base+instance_index*1000+run_index-1
berlin52.tsp,MSA-ACO,4,20251110,20258113,base+instance_index*1000+run_index-1
berlin52.tsp,MSA-ACO,5,20251110,20258114,base+instance_index*1000+run_index-1
berlin52.tsp,MSA-ACO,6,20251110,20258115,base+instance_index*1000+run_index-1
berlin52.tsp,MSA-ACO,7,20251110,20258116,base+instance_index*1000+run_index-1
berlin52.tsp,MSA-ACO,8,20251110,20258117,base+instance_index*1000+run_index-1
berlin52.tsp,MSA-ACO,9,20251110,20258118,base+instance_index*1000+run_index-1
berlin52.tsp,MSA-ACO,10,20251110,20258119,base+instance_index*1000+run_index-1
st70.tsp,ACS,1,20251110,20332111,base+instance_index*10000+algorithm_index*1000+run_index
st70.tsp,ACS,2,20251110,20332112,base+instance_index*10000+algorithm_index*1000+run_index
st70.tsp,ACS,3,20251110,20332113,base+instance_index*10000+algorithm_index*1000+run_index
st70.tsp,ACS,4,20251110,20332114,base+instance_index*10000+algorithm_index*1000+run_index
st70.tsp,ACS,5,20251110,20332115,base+instance_index*10000+algorithm_index*1000+run_index
st70.tsp,ACS,6,20251110,20332116,base+instance_index*10000+algorithm_index*1000+run_index
st70.tsp,ACS,7,20251110,20332117,base+instance_index*10000+algorithm_index*1000+run_index
st70.tsp,ACS,8,20251110,20332118,base+instance_index*10000+algorithm_index*1000+run_index
st70.tsp,ACS,9,20251110,20332119,base+instance_index*10000+algorithm_index*1000+run_index
st70.tsp,ACS,10,20251110,20332120,base+instance_index*10000+algorithm_index*1000+run_index
st70.tsp,MMAS,1,20251110,20333111,base+instance_index*10000+algorithm_index*1000+run_index
st70.tsp,MMAS,2,20251110,20333112,base+instance_index*10000+algorithm_index*1000+run_index
st70.tsp,MMAS,3,20251110,20333113,base+instance_index*10000+algorithm_index*1000+run_index
st70.tsp,MMAS,4,20251110,20333114,base+instance_index*10000+algorithm_index*1000+run_index
st70.tsp,MMAS,5,20251110,20333115,base+instance_index*10000+algorithm_index*1000+run_index
st70.tsp,MMAS,6,20251110,20333116,base+instance_index*10000+algorithm_index*1000+run_index
st70.tsp,MMAS,7,20251110,20333117,base+instance_index*10000+algorithm_index*1000+run_index
st70.tsp,MMAS,8,20251110,20333118,base+instance_index*10000+algorithm_index*1000+run_index
st70.tsp,MMAS,9,20251110,20333119,base+instance_index*10000+algorithm_index*1000+run_index
st70.tsp,MMAS,10,20251110,20333120,base+instance_index*10000+algorithm_index*1000+run_index
st70.tsp,MSA-ACO,1,20251110,20259110,base+instance_index*1000+run_index-1
st70.tsp,MSA-ACO,2,20251110,20259111,base+instance_index*1000+run_index-1
st70.tsp,MSA-ACO,3,20251110,20259112,base+instance_index*1000+run_index-1
st70.tsp,MSA-ACO,4,20251110,20259113,base+instance_index*1000+run_index-1
st70.tsp,MSA-ACO,5,20251110,20259114,base+instance_index*1000+run_index-1
st70.tsp,MSA-ACO,6,20251110,20259115,base+instance_index*1000+run_index-1
st70.tsp,MSA-ACO,7,20251110,20259116,base+instance_index*1000+run_index-1
st70.tsp,MSA-ACO,8,20251110,20259117,base+instance_index*1000+run_index-1
st70.tsp,MSA-ACO,9,20251110,20259118,base+instance_index*1000+run_index-1
st70.tsp,MSA-ACO,10,20251110,20259119,base+instance_index*1000+run_index-1
eil76.tsp,ACS,1,20251110,20342111,base+instance_index*10000+algorithm_index*1000+run_index
eil76.tsp,ACS,2,20251110,20342112,base+instance_index*10000+algorithm_index*1000+run_index
eil76.tsp,ACS,3,20251110,20342113,base+instance_index*10000+algorithm_index*1000+run_index
eil76.tsp,ACS,4,20251110,20342114,base+instance_index*10000+algorithm_index*1000+run_index
eil76.tsp,ACS,5,20251110,20342115,base+instance_index*10000+algorithm_index*1000+run_index
eil76.tsp,ACS,6,20251110,20342116,base+instance_index*10000+algorithm_index*1000+run_index
eil76.tsp,ACS,7,20251110,20342117,base+instance_index*10000+algorithm_index*1000+run_index
eil76.tsp,ACS,8,20251110,20342118,base+instance_index*10000+algorithm_index*1000+run_index
eil76.tsp,ACS,9,20251110,20342119,base+instance_index*10000+algorithm_index*1000+run_index
eil76.tsp,ACS,10,20251110,20342120,base+instance_index*10000+algorithm_index*1000+run_index
eil76.tsp,MMAS,1,20251110,20343111,base+instance_index*10000+algorithm_index*1000+run_index
eil76.tsp,MMAS,2,20251110,20343112,base+instance_index*10000+algorithm_index*1000+run_index
eil76.tsp,MMAS,3,20251110,20343113,base+instance_index*10000+algorithm_index*1000+run_index
eil76.tsp,MMAS,4,20251110,20343114,base+instance_index*10000+algorithm_index*1000+run_index
eil76.tsp,MMAS,5,20251110,20343115,base+instance_index*10000+algorithm_index*1000+run_index
eil76.tsp,MMAS,6,20251110,20343116,base+instance_index*10000+algorithm_index*1000+run_index
eil76.tsp,MMAS,7,20251110,20343117,base+instance_index*10000+algorithm_index*1000+run_index
eil76.tsp,MMAS,8,20251110,20343118,base+instance_index*10000+algorithm_index*1000+run_index
eil76.tsp,MMAS,9,20251110,20343119,base+instance_index*10000+algorithm_index*1000+run_index
eil76.tsp,MMAS,10,20251110,20343120,base+instance_index*10000+algorithm_index*1000+run_index
eil76.tsp,MSA-ACO,1,20251110,20260110,base+instance_index*1000+run_index-1
eil76.tsp,MSA-ACO,2,20251110,20260111,base+instance_index*1000+run_index-1
eil76.tsp,MSA-ACO,3,20251110,20260112,base+instance_index*1000+run_index-1
eil76.tsp,MSA-ACO,4,20251110,20260113,base+instance_index*1000+run_index-1
eil76.tsp,MSA-ACO,5,20251110,20260114,base+instance_index*1000+run_index-1
eil76.tsp,MSA-ACO,6,20251110,20260115,base+instance_index*1000+run_index-1
eil76.tsp,MSA-ACO,7,20251110,20260116,base+instance_index*1000+run_index-1
eil76.tsp,MSA-ACO,8,20251110,20260117,base+instance_index*1000+run_index-1
eil76.tsp,MSA-ACO,9,20251110,20260118,base+instance_index*1000+run_index-1
eil76.tsp,MSA-ACO,10,20251110,20260119,base+instance_index*1000+run_index-1
rat99.tsp,ACS,1,20251110,20352111,base+instance_index*10000+algorithm_index*1000+run_index
rat99.tsp,ACS,2,20251110,20352112,base+instance_index*10000+algorithm_index*1000+run_index
rat99.tsp,ACS,3,20251110,20352113,base+instance_index*10000+algorithm_index*1000+run_index
rat99.tsp,ACS,4,20251110,20352114,base+instance_index*10000+algorithm_index*1000+run_index
rat99.tsp,ACS,5,20251110,20352115,base+instance_index*10000+algorithm_index*1000+run_index
rat99.tsp,ACS,6,20251110,20352116,base+instance_index*10000+algorithm_index*1000+run_index
rat99.tsp,ACS,7,20251110,20352117,base+instance_index*10000+algorithm_index*1000+run_index
rat99.tsp,ACS,8,20251110,20352118,base+instance_index*10000+algorithm_index*1000+run_index
rat99.tsp,ACS,9,20251110,20352119,base+instance_index*10000+algorithm_index*1000+run_index
rat99.tsp,ACS,10,20251110,20352120,base+instance_index*10000+algorithm_index*1000+run_index
rat99.tsp,MMAS,1,20251110,20353111,base+instance_index*10000+algorithm_index*1000+run_index
rat99.tsp,MMAS,2,20251110,20353112,base+instance_index*10000+algorithm_index*1000+run_index
rat99.tsp,MMAS,3,20251110,20353113,base+instance_index*10000+algorithm_index*1000+run_index
rat99.tsp,MMAS,4,20251110,20353114,base+instance_index*10000+algorithm_index*1000+run_index
rat99.tsp,MMAS,5,20251110,20353115,base+instance_index*10000+algorithm_index*1000+run_index
rat99.tsp,MMAS,6,20251110,20353116,base+instance_index*10000+algorithm_index*1000+run_index
rat99.tsp,MMAS,7,20251110,20353117,base+instance_index*10000+algorithm_index*1000+run_index
rat99.tsp,MMAS,8,20251110,20353118,base+instance_index*10000+algorithm_index*1000+run_index
rat99.tsp,MMAS,9,20251110,20353119,base+instance_index*10000+algorithm_index*1000+run_index
rat99.tsp,MMAS,10,20251110,20353120,base+instance_index*10000+algorithm_index*1000+run_index
rat99.tsp,MSA-ACO,1,20251110,20261110,base+instance_index*1000+run_index-1
rat99.tsp,MSA-ACO,2,20251110,20261111,base+instance_index*1000+run_index-1
rat99.tsp,MSA-ACO,3,20251110,20261112,base+instance_index*1000+run_index-1
rat99.tsp,MSA-ACO,4,20251110,20261113,base+instance_index*1000+run_index-1
rat99.tsp,MSA-ACO,5,20251110,20261114,base+instance_index*1000+run_index-1
rat99.tsp,MSA-ACO,6,20251110,20261115,base+instance_index*1000+run_index-1
rat99.tsp,MSA-ACO,7,20251110,20261116,base+instance_index*1000+run_index-1
rat99.tsp,MSA-ACO,8,20251110,20261117,base+instance_index*1000+run_index-1
rat99.tsp,MSA-ACO,9,20251110,20261118,base+instance_index*1000+run_index-1
rat99.tsp,MSA-ACO,10,20251110,20261119,base+instance_index*1000+run_index-1
kroA100.tsp,ACS,1,20251110,20362111,base+instance_index*10000+algorithm_index*1000+run_index
kroA100.tsp,ACS,2,20251110,20362112,base+instance_index*10000+algorithm_index*1000+run_index
kroA100.tsp,ACS,3,20251110,20362113,base+instance_index*10000+algorithm_index*1000+run_index
kroA100.tsp,ACS,4,20251110,20362114,base+instance_index*10000+algorithm_index*1000+run_index
kroA100.tsp,ACS,5,20251110,20362115,base+instance_index*10000+algorithm_index*1000+run_index
kroA100.tsp,ACS,6,20251110,20362116,base+instance_index*10000+algorithm_index*1000+run_index
kroA100.tsp,ACS,7,20251110,20362117,base+instance_index*10000+algorithm_index*1000+run_index
kroA100.tsp,ACS,8,20251110,20362118,base+instance_index*10000+algorithm_index*1000+run_index
kroA100.tsp,ACS,9,20251110,20362119,base+instance_index*10000+algorithm_index*1000+run_index
kroA100.tsp,ACS,10,20251110,20362120,base+instance_index*10000+algorithm_index*1000+run_index
kroA100.tsp,MMAS,1,20251110,20363111,base+instance_index*10000+algorithm_index*1000+run_index
kroA100.tsp,MMAS,2,20251110,20363112,base+instance_index*10000+algorithm_index*1000+run_index
kroA100.tsp,MMAS,3,20251110,20363113,base+instance_index*10000+algorithm_index*1000+run_index
kroA100.tsp,MMAS,4,20251110,20363114,base+instance_index*10000+algorithm_index*1000+run_index
kroA100.tsp,MMAS,5,20251110,20363115,base+instance_index*10000+algorithm_index*1000+run_index
kroA100.tsp,MMAS,6,20251110,20363116,base+instance_index*10000+algorithm_index*1000+run_index
kroA100.tsp,MMAS,7,20251110,20363117,base+instance_index*10000+algorithm_index*1000+run_index
kroA100.tsp,MMAS,8,20251110,20363118,base+instance_index*10000+algorithm_index*1000+run_index
kroA100.tsp,MMAS,9,20251110,20363119,base+instance_index*10000+algorithm_index*1000+run_index
kroA100.tsp,MMAS,10,20251110,20363120,base+instance_index*10000+algorithm_index*1000+run_index
kroA100.tsp,MSA-ACO,1,20251110,20262110,base+instance_index*1000+run_index-1
kroA100.tsp,MSA-ACO,2,20251110,20262111,base+instance_index*1000+run_index-1
kroA100.tsp,MSA-ACO,3,20251110,20262112,base+instance_index*1000+run_index-1
kroA100.tsp,MSA-ACO,4,20251110,20262113,base+instance_index*1000+run_index-1
kroA100.tsp,MSA-ACO,5,20251110,20262114,base+instance_index*1000+run_index-1
kroA100.tsp,MSA-ACO,6,20251110,20262115,base+instance_index*1000+run_index-1
kroA100.tsp,MSA-ACO,7,20251110,20262116,base+instance_index*1000+run_index-1
kroA100.tsp,MSA-ACO,8,20251110,20262117,base+instance_index*1000+run_index-1
kroA100.tsp,MSA-ACO,9,20251110,20262118,base+instance_index*1000+run_index-1
kroA100.tsp,MSA-ACO,10,20251110,20262119,base+instance_index*1000+run_index-1
kroB100.tsp,ACS,1,20251110,20372111,base+instance_index*10000+algorithm_index*1000+run_index
kroB100.tsp,ACS,2,20251110,20372112,base+instance_index*10000+algorithm_index*1000+run_index
kroB100.tsp,ACS,3,20251110,20372113,base+instance_index*10000+algorithm_index*1000+run_index
kroB100.tsp,ACS,4,20251110,20372114,base+instance_index*10000+algorithm_index*1000+run_index
kroB100.tsp,ACS,5,20251110,20372115,base+instance_index*10000+algorithm_index*1000+run_index
kroB100.tsp,ACS,6,20251110,20372116,base+instance_index*10000+algorithm_index*1000+run_index
kroB100.tsp,ACS,7,20251110,20372117,base+instance_index*10000+algorithm_index*1000+run_index
kroB100.tsp,ACS,8,20251110,20372118,base+instance_index*10000+algorithm_index*1000+run_index
kroB100.tsp,ACS,9,20251110,20372119,base+instance_index*10000+algorithm_index*1000+run_index
kroB100.tsp,ACS,10,20251110,20372120,base+instance_index*10000+algorithm_index*1000+run_index
kroB100.tsp,MMAS,1,20251110,20373111,base+instance_index*10000+algorithm_index*1000+run_index
kroB100.tsp,MMAS,2,20251110,20373112,base+instance_index*10000+algorithm_index*1000+run_index
kroB100.tsp,MMAS,3,20251110,20373113,base+instance_index*10000+algorithm_index*1000+run_index
kroB100.tsp,MMAS,4,20251110,20373114,base+instance_index*10000+algorithm_index*1000+run_index
kroB100.tsp,MMAS,5,20251110,20373115,base+instance_index*10000+algorithm_index*1000+run_index
kroB100.tsp,MMAS,6,20251110,20373116,base+instance_index*10000+algorithm_index*1000+run_index
kroB100.tsp,MMAS,7,20251110,20373117,base+instance_index*10000+algorithm_index*1000+run_index
kroB100.tsp,MMAS,8,20251110,20373118,base+instance_index*10000+algorithm_index*1000+run_index
kroB100.tsp,MMAS,9,20251110,20373119,base+instance_index*10000+algorithm_index*1000+run_index
kroB100.tsp,MMAS,10,20251110,20373120,base+instance_index*10000+algorithm_index*1000+run_index
kroB100.tsp,MSA-ACO,1,20251110,20263110,base+instance_index*1000+run_index-1
kroB100.tsp,MSA-ACO,2,20251110,20263111,base+instance_index*1000+run_index-1
kroB100.tsp,MSA-ACO,3,20251110,20263112,base+instance_index*1000+run_index-1
kroB100.tsp,MSA-ACO,4,20251110,20263113,base+instance_index*1000+run_index-1
kroB100.tsp,MSA-ACO,5,20251110,20263114,base+instance_index*1000+run_index-1
kroB100.tsp,MSA-ACO,6,20251110,20263115,base+instance_index*1000+run_index-1
kroB100.tsp,MSA-ACO,7,20251110,20263116,base+instance_index*1000+run_index-1
kroB100.tsp,MSA-ACO,8,20251110,20263117,base+instance_index*1000+run_index-1
kroB100.tsp,MSA-ACO,9,20251110,20263118,base+instance_index*1000+run_index-1
kroB100.tsp,MSA-ACO,10,20251110,20263119,base+instance_index*1000+run_index-1
kroC100.tsp,ACS,1,20251110,20382111,base+instance_index*10000+algorithm_index*1000+run_index
kroC100.tsp,ACS,2,20251110,20382112,base+instance_index*10000+algorithm_index*1000+run_index
kroC100.tsp,ACS,3,20251110,20382113,base+instance_index*10000+algorithm_index*1000+run_index
kroC100.tsp,ACS,4,20251110,20382114,base+instance_index*10000+algorithm_index*1000+run_index
kroC100.tsp,ACS,5,20251110,20382115,base+instance_index*10000+algorithm_index*1000+run_index
kroC100.tsp,ACS,6,20251110,20382116,base+instance_index*10000+algorithm_index*1000+run_index
kroC100.tsp,ACS,7,20251110,20382117,base+instance_index*10000+algorithm_index*1000+run_index
kroC100.tsp,ACS,8,20251110,20382118,base+instance_index*10000+algorithm_index*1000+run_index
kroC100.tsp,ACS,9,20251110,20382119,base+instance_index*10000+algorithm_index*1000+run_index
kroC100.tsp,ACS,10,20251110,20382120,base+instance_index*10000+algorithm_index*1000+run_index
kroC100.tsp,MMAS,1,20251110,20383111,base+instance_index*10000+algorithm_index*1000+run_index
kroC100.tsp,MMAS,2,20251110,20383112,base+instance_index*10000+algorithm_index*1000+run_index
kroC100.tsp,MMAS,3,20251110,20383113,base+instance_index*10000+algorithm_index*1000+run_index
kroC100.tsp,MMAS,4,20251110,20383114,base+instance_index*10000+algorithm_index*1000+run_index
kroC100.tsp,MMAS,5,20251110,20383115,base+instance_index*10000+algorithm_index*1000+run_index
kroC100.tsp,MMAS,6,20251110,20383116,base+instance_index*10000+algorithm_index*1000+run_index
kroC100.tsp,MMAS,7,20251110,20383117,base+instance_index*10000+algorithm_index*1000+run_index
kroC100.tsp,MMAS,8,20251110,20383118,base+instance_index*10000+algorithm_index*1000+run_index
kroC100.tsp,MMAS,9,20251110,20383119,base+instance_index*10000+algorithm_index*1000+run_index
kroC100.tsp,MMAS,10,20251110,20383120,base+instance_index*10000+algorithm_index*1000+run_index
kroC100.tsp,MSA-ACO,1,20251110,20264110,base+instance_index*1000+run_index-1
kroC100.tsp,MSA-ACO,2,20251110,20264111,base+instance_index*1000+run_index-1
kroC100.tsp,MSA-ACO,3,20251110,20264112,base+instance_index*1000+run_index-1
kroC100.tsp,MSA-ACO,4,20251110,20264113,base+instance_index*1000+run_index-1
kroC100.tsp,MSA-ACO,5,20251110,20264114,base+instance_index*1000+run_index-1
kroC100.tsp,MSA-ACO,6,20251110,20264115,base+instance_index*1000+run_index-1
kroC100.tsp,MSA-ACO,7,20251110,20264116,base+instance_index*1000+run_index-1
kroC100.tsp,MSA-ACO,8,20251110,20264117,base+instance_index*1000+run_index-1
kroC100.tsp,MSA-ACO,9,20251110,20264118,base+instance_index*1000+run_index-1
kroC100.tsp,MSA-ACO,10,20251110,20264119,base+instance_index*1000+run_index-1
kroD100.tsp,ACS,1,20251110,20392111,base+instance_index*10000+algorithm_index*1000+run_index
kroD100.tsp,ACS,2,20251110,20392112,base+instance_index*10000+algorithm_index*1000+run_index
kroD100.tsp,ACS,3,20251110,20392113,base+instance_index*10000+algorithm_index*1000+run_index
kroD100.tsp,ACS,4,20251110,20392114,base+instance_index*10000+algorithm_index*1000+run_index
kroD100.tsp,ACS,5,20251110,20392115,base+instance_index*10000+algorithm_index*1000+run_index
kroD100.tsp,ACS,6,20251110,20392116,base+instance_index*10000+algorithm_index*1000+run_index
kroD100.tsp,ACS,7,20251110,20392117,base+instance_index*10000+algorithm_index*1000+run_index
kroD100.tsp,ACS,8,20251110,20392118,base+instance_index*10000+algorithm_index*1000+run_index
kroD100.tsp,ACS,9,20251110,20392119,base+instance_index*10000+algorithm_index*1000+run_index
kroD100.tsp,ACS,10,20251110,20392120,base+instance_index*10000+algorithm_index*1000+run_index
kroD100.tsp,MMAS,1,20251110,20393111,base+instance_index*10000+algorithm_index*1000+run_index
kroD100.tsp,MMAS,2,20251110,20393112,base+instance_index*10000+algorithm_index*1000+run_index
kroD100.tsp,MMAS,3,20251110,20393113,base+instance_index*10000+algorithm_index*1000+run_index
kroD100.tsp,MMAS,4,20251110,20393114,base+instance_index*10000+algorithm_index*1000+run_index
kroD100.tsp,MMAS,5,20251110,20393115,base+instance_index*10000+algorithm_index*1000+run_index
kroD100.tsp,MMAS,6,20251110,20393116,base+instance_index*10000+algorithm_index*1000+run_index
kroD100.tsp,MMAS,7,20251110,20393117,base+instance_index*10000+algorithm_index*1000+run_index
kroD100.tsp,MMAS,8,20251110,20393118,base+instance_index*10000+algorithm_index*1000+run_index
kroD100.tsp,MMAS,9,20251110,20393119,base+instance_index*10000+algorithm_index*1000+run_index
kroD100.tsp,MMAS,10,20251110,20393120,base+instance_index*10000+algorithm_index*1000+run_index
kroD100.tsp,MSA-ACO,1,20251110,20265110,base+instance_index*1000+run_index-1
kroD100.tsp,MSA-ACO,2,20251110,20265111,base+instance_index*1000+run_index-1
kroD100.tsp,MSA-ACO,3,20251110,20265112,base+instance_index*1000+run_index-1
kroD100.tsp,MSA-ACO,4,20251110,20265113,base+instance_index*1000+run_index-1
kroD100.tsp,MSA-ACO,5,20251110,20265114,base+instance_index*1000+run_index-1
kroD100.tsp,MSA-ACO,6,20251110,20265115,base+instance_index*1000+run_index-1
kroD100.tsp,MSA-ACO,7,20251110,20265116,base+instance_index*1000+run_index-1
kroD100.tsp,MSA-ACO,8,20251110,20265117,base+instance_index*1000+run_index-1
kroD100.tsp,MSA-ACO,9,20251110,20265118,base+instance_index*1000+run_index-1
kroD100.tsp,MSA-ACO,10,20251110,20265119,base+instance_index*1000+run_index-1
kroE100.tsp,ACS,1,20251110,20402111,base+instance_index*10000+algorithm_index*1000+run_index
kroE100.tsp,ACS,2,20251110,20402112,base+instance_index*10000+algorithm_index*1000+run_index
kroE100.tsp,ACS,3,20251110,20402113,base+instance_index*10000+algorithm_index*1000+run_index
kroE100.tsp,ACS,4,20251110,20402114,base+instance_index*10000+algorithm_index*1000+run_index
kroE100.tsp,ACS,5,20251110,20402115,base+instance_index*10000+algorithm_index*1000+run_index
kroE100.tsp,ACS,6,20251110,20402116,base+instance_index*10000+algorithm_index*1000+run_index
kroE100.tsp,ACS,7,20251110,20402117,base+instance_index*10000+algorithm_index*1000+run_index
kroE100.tsp,ACS,8,20251110,20402118,base+instance_index*10000+algorithm_index*1000+run_index
kroE100.tsp,ACS,9,20251110,20402119,base+instance_index*10000+algorithm_index*1000+run_index
kroE100.tsp,ACS,10,20251110,20402120,base+instance_index*10000+algorithm_index*1000+run_index
kroE100.tsp,MMAS,1,20251110,20403111,base+instance_index*10000+algorithm_index*1000+run_index
kroE100.tsp,MMAS,2,20251110,20403112,base+instance_index*10000+algorithm_index*1000+run_index
kroE100.tsp,MMAS,3,20251110,20403113,base+instance_index*10000+algorithm_index*1000+run_index
kroE100.tsp,MMAS,4,20251110,20403114,base+instance_index*10000+algorithm_index*1000+run_index
kroE100.tsp,MMAS,5,20251110,20403115,base+instance_index*10000+algorithm_index*1000+run_index
kroE100.tsp,MMAS,6,20251110,20403116,base+instance_index*10000+algorithm_index*1000+run_index
kroE100.tsp,MMAS,7,20251110,20403117,base+instance_index*10000+algorithm_index*1000+run_index
kroE100.tsp,MMAS,8,20251110,20403118,base+instance_index*10000+algorithm_index*1000+run_index
kroE100.tsp,MMAS,9,20251110,20403119,base+instance_index*10000+algorithm_index*1000+run_index
kroE100.tsp,MMAS,10,20251110,20403120,base+instance_index*10000+algorithm_index*1000+run_index
kroE100.tsp,MSA-ACO,1,20251110,20266110,base+instance_index*1000+run_index-1
kroE100.tsp,MSA-ACO,2,20251110,20266111,base+instance_index*1000+run_index-1
kroE100.tsp,MSA-ACO,3,20251110,20266112,base+instance_index*1000+run_index-1
kroE100.tsp,MSA-ACO,4,20251110,20266113,base+instance_index*1000+run_index-1
kroE100.tsp,MSA-ACO,5,20251110,20266114,base+instance_index*1000+run_index-1
kroE100.tsp,MSA-ACO,6,20251110,20266115,base+instance_index*1000+run_index-1
kroE100.tsp,MSA-ACO,7,20251110,20266116,base+instance_index*1000+run_index-1
kroE100.tsp,MSA-ACO,8,20251110,20266117,base+instance_index*1000+run_index-1
kroE100.tsp,MSA-ACO,9,20251110,20266118,base+instance_index*1000+run_index-1
kroE100.tsp,MSA-ACO,10,20251110,20266119,base+instance_index*1000+run_index-1
eil101.tsp,ACS,1,20251110,20412111,base+instance_index*10000+algorithm_index*1000+run_index
eil101.tsp,ACS,2,20251110,20412112,base+instance_index*10000+algorithm_index*1000+run_index
eil101.tsp,ACS,3,20251110,20412113,base+instance_index*10000+algorithm_index*1000+run_index
eil101.tsp,ACS,4,20251110,20412114,base+instance_index*10000+algorithm_index*1000+run_index
eil101.tsp,ACS,5,20251110,20412115,base+instance_index*10000+algorithm_index*1000+run_index
eil101.tsp,ACS,6,20251110,20412116,base+instance_index*10000+algorithm_index*1000+run_index
eil101.tsp,ACS,7,20251110,20412117,base+instance_index*10000+algorithm_index*1000+run_index
eil101.tsp,ACS,8,20251110,20412118,base+instance_index*10000+algorithm_index*1000+run_index
eil101.tsp,ACS,9,20251110,20412119,base+instance_index*10000+algorithm_index*1000+run_index
eil101.tsp,ACS,10,20251110,20412120,base+instance_index*10000+algorithm_index*1000+run_index
eil101.tsp,MMAS,1,20251110,20413111,base+instance_index*10000+algorithm_index*1000+run_index
eil101.tsp,MMAS,2,20251110,20413112,base+instance_index*10000+algorithm_index*1000+run_index
eil101.tsp,MMAS,3,20251110,20413113,base+instance_index*10000+algorithm_index*1000+run_index
eil101.tsp,MMAS,4,20251110,20413114,base+instance_index*10000+algorithm_index*1000+run_index
eil101.tsp,MMAS,5,20251110,20413115,base+instance_index*10000+algorithm_index*1000+run_index
eil101.tsp,MMAS,6,20251110,20413116,base+instance_index*10000+algorithm_index*1000+run_index
eil101.tsp,MMAS,7,20251110,20413117,base+instance_index*10000+algorithm_index*1000+run_index
eil101.tsp,MMAS,8,20251110,20413118,base+instance_index*10000+algorithm_index*1000+run_index
eil101.tsp,MMAS,9,20251110,20413119,base+instance_index*10000+algorithm_index*1000+run_index
eil101.tsp,MMAS,10,20251110,20413120,base+instance_index*10000+algorithm_index*1000+run_index
eil101.tsp,MSA-ACO,1,20251110,20267110,base+instance_index*1000+run_index-1
eil101.tsp,MSA-ACO,2,20251110,20267111,base+instance_index*1000+run_index-1
eil101.tsp,MSA-ACO,3,20251110,20267112,base+instance_index*1000+run_index-1
eil101.tsp,MSA-ACO,4,20251110,20267113,base+instance_index*1000+run_index-1
eil101.tsp,MSA-ACO,5,20251110,20267114,base+instance_index*1000+run_index-1
eil101.tsp,MSA-ACO,6,20251110,20267115,base+instance_index*1000+run_index-1
eil101.tsp,MSA-ACO,7,20251110,20267116,base+instance_index*1000+run_index-1
eil101.tsp,MSA-ACO,8,20251110,20267117,base+instance_index*1000+run_index-1
eil101.tsp,MSA-ACO,9,20251110,20267118,base+instance_index*1000+run_index-1
eil101.tsp,MSA-ACO,10,20251110,20267119,base+instance_index*1000+run_index-1
lin105.tsp,ACS,1,20251110,20422111,base+instance_index*10000+algorithm_index*1000+run_index
lin105.tsp,ACS,2,20251110,20422112,base+instance_index*10000+algorithm_index*1000+run_index
lin105.tsp,ACS,3,20251110,20422113,base+instance_index*10000+algorithm_index*1000+run_index
lin105.tsp,ACS,4,20251110,20422114,base+instance_index*10000+algorithm_index*1000+run_index
lin105.tsp,ACS,5,20251110,20422115,base+instance_index*10000+algorithm_index*1000+run_index
lin105.tsp,ACS,6,20251110,20422116,base+instance_index*10000+algorithm_index*1000+run_index
lin105.tsp,ACS,7,20251110,20422117,base+instance_index*10000+algorithm_index*1000+run_index
lin105.tsp,ACS,8,20251110,20422118,base+instance_index*10000+algorithm_index*1000+run_index
lin105.tsp,ACS,9,20251110,20422119,base+instance_index*10000+algorithm_index*1000+run_index
lin105.tsp,ACS,10,20251110,20422120,base+instance_index*10000+algorithm_index*1000+run_index
lin105.tsp,MMAS,1,20251110,20423111,base+instance_index*10000+algorithm_index*1000+run_index
lin105.tsp,MMAS,2,20251110,20423112,base+instance_index*10000+algorithm_index*1000+run_index
lin105.tsp,MMAS,3,20251110,20423113,base+instance_index*10000+algorithm_index*1000+run_index
lin105.tsp,MMAS,4,20251110,20423114,base+instance_index*10000+algorithm_index*1000+run_index
lin105.tsp,MMAS,5,20251110,20423115,base+instance_index*10000+algorithm_index*1000+run_index
lin105.tsp,MMAS,6,20251110,20423116,base+instance_index*10000+algorithm_index*1000+run_index
lin105.tsp,MMAS,7,20251110,20423117,base+instance_index*10000+algorithm_index*1000+run_index
lin105.tsp,MMAS,8,20251110,20423118,base+instance_index*10000+algorithm_index*1000+run_index
lin105.tsp,MMAS,9,20251110,20423119,base+instance_index*10000+algorithm_index*1000+run_index
lin105.tsp,MMAS,10,20251110,20423120,base+instance_index*10000+algorithm_index*1000+run_index
lin105.tsp,MSA-ACO,1,20251110,20268110,base+instance_index*1000+run_index-1
lin105.tsp,MSA-ACO,2,20251110,20268111,base+instance_index*1000+run_index-1
lin105.tsp,MSA-ACO,3,20251110,20268112,base+instance_index*1000+run_index-1
lin105.tsp,MSA-ACO,4,20251110,20268113,base+instance_index*1000+run_index-1
lin105.tsp,MSA-ACO,5,20251110,20268114,base+instance_index*1000+run_index-1
lin105.tsp,MSA-ACO,6,20251110,20268115,base+instance_index*1000+run_index-1
lin105.tsp,MSA-ACO,7,20251110,20268116,base+instance_index*1000+run_index-1
lin105.tsp,MSA-ACO,8,20251110,20268117,base+instance_index*1000+run_index-1
lin105.tsp,MSA-ACO,9,20251110,20268118,base+instance_index*1000+run_index-1
lin105.tsp,MSA-ACO,10,20251110,20268119,base+instance_index*1000+run_index-1
pr107.tsp,ACS,1,20251110,20432111,base+instance_index*10000+algorithm_index*1000+run_index
pr107.tsp,ACS,2,20251110,20432112,base+instance_index*10000+algorithm_index*1000+run_index
pr107.tsp,ACS,3,20251110,20432113,base+instance_index*10000+algorithm_index*1000+run_index
pr107.tsp,ACS,4,20251110,20432114,base+instance_index*10000+algorithm_index*1000+run_index
pr107.tsp,ACS,5,20251110,20432115,base+instance_index*10000+algorithm_index*1000+run_index
pr107.tsp,ACS,6,20251110,20432116,base+instance_index*10000+algorithm_index*1000+run_index
pr107.tsp,ACS,7,20251110,20432117,base+instance_index*10000+algorithm_index*1000+run_index
pr107.tsp,ACS,8,20251110,20432118,base+instance_index*10000+algorithm_index*1000+run_index
pr107.tsp,ACS,9,20251110,20432119,base+instance_index*10000+algorithm_index*1000+run_index
pr107.tsp,ACS,10,20251110,20432120,base+instance_index*10000+algorithm_index*1000+run_index
pr107.tsp,MMAS,1,20251110,20433111,base+instance_index*10000+algorithm_index*1000+run_index
pr107.tsp,MMAS,2,20251110,20433112,base+instance_index*10000+algorithm_index*1000+run_index
pr107.tsp,MMAS,3,20251110,20433113,base+instance_index*10000+algorithm_index*1000+run_index
pr107.tsp,MMAS,4,20251110,20433114,base+instance_index*10000+algorithm_index*1000+run_index
pr107.tsp,MMAS,5,20251110,20433115,base+instance_index*10000+algorithm_index*1000+run_index
pr107.tsp,MMAS,6,20251110,20433116,base+instance_index*10000+algorithm_index*1000+run_index
pr107.tsp,MMAS,7,20251110,20433117,base+instance_index*10000+algorithm_index*1000+run_index
pr107.tsp,MMAS,8,20251110,20433118,base+instance_index*10000+algorithm_index*1000+run_index
pr107.tsp,MMAS,9,20251110,20433119,base+instance_index*10000+algorithm_index*1000+run_index
pr107.tsp,MMAS,10,20251110,20433120,base+instance_index*10000+algorithm_index*1000+run_index
pr107.tsp,MSA-ACO,1,20251110,20269110,base+instance_index*1000+run_index-1
pr107.tsp,MSA-ACO,2,20251110,20269111,base+instance_index*1000+run_index-1
pr107.tsp,MSA-ACO,3,20251110,20269112,base+instance_index*1000+run_index-1
pr107.tsp,MSA-ACO,4,20251110,20269113,base+instance_index*1000+run_index-1
pr107.tsp,MSA-ACO,5,20251110,20269114,base+instance_index*1000+run_index-1
pr107.tsp,MSA-ACO,6,20251110,20269115,base+instance_index*1000+run_index-1
pr107.tsp,MSA-ACO,7,20251110,20269116,base+instance_index*1000+run_index-1
pr107.tsp,MSA-ACO,8,20251110,20269117,base+instance_index*1000+run_index-1
pr107.tsp,MSA-ACO,9,20251110,20269118,base+instance_index*1000+run_index-1
pr107.tsp,MSA-ACO,10,20251110,20269119,base+instance_index*1000+run_index-1
bier127.tsp,ACS,1,20251110,20442111,base+instance_index*10000+algorithm_index*1000+run_index
bier127.tsp,ACS,2,20251110,20442112,base+instance_index*10000+algorithm_index*1000+run_index
bier127.tsp,ACS,3,20251110,20442113,base+instance_index*10000+algorithm_index*1000+run_index
bier127.tsp,ACS,4,20251110,20442114,base+instance_index*10000+algorithm_index*1000+run_index
bier127.tsp,ACS,5,20251110,20442115,base+instance_index*10000+algorithm_index*1000+run_index
bier127.tsp,ACS,6,20251110,20442116,base+instance_index*10000+algorithm_index*1000+run_index
bier127.tsp,ACS,7,20251110,20442117,base+instance_index*10000+algorithm_index*1000+run_index
bier127.tsp,ACS,8,20251110,20442118,base+instance_index*10000+algorithm_index*1000+run_index
bier127.tsp,ACS,9,20251110,20442119,base+instance_index*10000+algorithm_index*1000+run_index
bier127.tsp,ACS,10,20251110,20442120,base+instance_index*10000+algorithm_index*1000+run_index
bier127.tsp,MMAS,1,20251110,20443111,base+instance_index*10000+algorithm_index*1000+run_index
bier127.tsp,MMAS,2,20251110,20443112,base+instance_index*10000+algorithm_index*1000+run_index
bier127.tsp,MMAS,3,20251110,20443113,base+instance_index*10000+algorithm_index*1000+run_index
bier127.tsp,MMAS,4,20251110,20443114,base+instance_index*10000+algorithm_index*1000+run_index
bier127.tsp,MMAS,5,20251110,20443115,base+instance_index*10000+algorithm_index*1000+run_index
bier127.tsp,MMAS,6,20251110,20443116,base+instance_index*10000+algorithm_index*1000+run_index
bier127.tsp,MMAS,7,20251110,20443117,base+instance_index*10000+algorithm_index*1000+run_index
bier127.tsp,MMAS,8,20251110,20443118,base+instance_index*10000+algorithm_index*1000+run_index
bier127.tsp,MMAS,9,20251110,20443119,base+instance_index*10000+algorithm_index*1000+run_index
bier127.tsp,MMAS,10,20251110,20443120,base+instance_index*10000+algorithm_index*1000+run_index
bier127.tsp,MSA-ACO,1,20251110,20270110,base+instance_index*1000+run_index-1
bier127.tsp,MSA-ACO,2,20251110,20270111,base+instance_index*1000+run_index-1
bier127.tsp,MSA-ACO,3,20251110,20270112,base+instance_index*1000+run_index-1
bier127.tsp,MSA-ACO,4,20251110,20270113,base+instance_index*1000+run_index-1
bier127.tsp,MSA-ACO,5,20251110,20270114,base+instance_index*1000+run_index-1
bier127.tsp,MSA-ACO,6,20251110,20270115,base+instance_index*1000+run_index-1
bier127.tsp,MSA-ACO,7,20251110,20270116,base+instance_index*1000+run_index-1
bier127.tsp,MSA-ACO,8,20251110,20270117,base+instance_index*1000+run_index-1
bier127.tsp,MSA-ACO,9,20251110,20270118,base+instance_index*1000+run_index-1
bier127.tsp,MSA-ACO,10,20251110,20270119,base+instance_index*1000+run_index-1
ch130.tsp,ACS,1,20251110,20452111,base+instance_index*10000+algorithm_index*1000+run_index
ch130.tsp,ACS,2,20251110,20452112,base+instance_index*10000+algorithm_index*1000+run_index
ch130.tsp,ACS,3,20251110,20452113,base+instance_index*10000+algorithm_index*1000+run_index
ch130.tsp,ACS,4,20251110,20452114,base+instance_index*10000+algorithm_index*1000+run_index
ch130.tsp,ACS,5,20251110,20452115,base+instance_index*10000+algorithm_index*1000+run_index
ch130.tsp,ACS,6,20251110,20452116,base+instance_index*10000+algorithm_index*1000+run_index
ch130.tsp,ACS,7,20251110,20452117,base+instance_index*10000+algorithm_index*1000+run_index
ch130.tsp,ACS,8,20251110,20452118,base+instance_index*10000+algorithm_index*1000+run_index
ch130.tsp,ACS,9,20251110,20452119,base+instance_index*10000+algorithm_index*1000+run_index
ch130.tsp,ACS,10,20251110,20452120,base+instance_index*10000+algorithm_index*1000+run_index
ch130.tsp,MMAS,1,20251110,20453111,base+instance_index*10000+algorithm_index*1000+run_index
ch130.tsp,MMAS,2,20251110,20453112,base+instance_index*10000+algorithm_index*1000+run_index
ch130.tsp,MMAS,3,20251110,20453113,base+instance_index*10000+algorithm_index*1000+run_index
ch130.tsp,MMAS,4,20251110,20453114,base+instance_index*10000+algorithm_index*1000+run_index
ch130.tsp,MMAS,5,20251110,20453115,base+instance_index*10000+algorithm_index*1000+run_index
ch130.tsp,MMAS,6,20251110,20453116,base+instance_index*10000+algorithm_index*1000+run_index
ch130.tsp,MMAS,7,20251110,20453117,base+instance_index*10000+algorithm_index*1000+run_index
ch130.tsp,MMAS,8,20251110,20453118,base+instance_index*10000+algorithm_index*1000+run_index
ch130.tsp,MMAS,9,20251110,20453119,base+instance_index*10000+algorithm_index*1000+run_index
ch130.tsp,MMAS,10,20251110,20453120,base+instance_index*10000+algorithm_index*1000+run_index
ch130.tsp,MSA-ACO,1,20251110,20271110,base+instance_index*1000+run_index-1
ch130.tsp,MSA-ACO,2,20251110,20271111,base+instance_index*1000+run_index-1
ch130.tsp,MSA-ACO,3,20251110,20271112,base+instance_index*1000+run_index-1
ch130.tsp,MSA-ACO,4,20251110,20271113,base+instance_index*1000+run_index-1
ch130.tsp,MSA-ACO,5,20251110,20271114,base+instance_index*1000+run_index-1
ch130.tsp,MSA-ACO,6,20251110,20271115,base+instance_index*1000+run_index-1
ch130.tsp,MSA-ACO,7,20251110,20271116,base+instance_index*1000+run_index-1
ch130.tsp,MSA-ACO,8,20251110,20271117,base+instance_index*1000+run_index-1
ch130.tsp,MSA-ACO,9,20251110,20271118,base+instance_index*1000+run_index-1
ch130.tsp,MSA-ACO,10,20251110,20271119,base+instance_index*1000+run_index-1
gr137.tsp,ACS,1,20251110,20462111,base+instance_index*10000+algorithm_index*1000+run_index
gr137.tsp,ACS,2,20251110,20462112,base+instance_index*10000+algorithm_index*1000+run_index
gr137.tsp,ACS,3,20251110,20462113,base+instance_index*10000+algorithm_index*1000+run_index
gr137.tsp,ACS,4,20251110,20462114,base+instance_index*10000+algorithm_index*1000+run_index
gr137.tsp,ACS,5,20251110,20462115,base+instance_index*10000+algorithm_index*1000+run_index
gr137.tsp,ACS,6,20251110,20462116,base+instance_index*10000+algorithm_index*1000+run_index
gr137.tsp,ACS,7,20251110,20462117,base+instance_index*10000+algorithm_index*1000+run_index
gr137.tsp,ACS,8,20251110,20462118,base+instance_index*10000+algorithm_index*1000+run_index
gr137.tsp,ACS,9,20251110,20462119,base+instance_index*10000+algorithm_index*1000+run_index
gr137.tsp,ACS,10,20251110,20462120,base+instance_index*10000+algorithm_index*1000+run_index
gr137.tsp,MMAS,1,20251110,20463111,base+instance_index*10000+algorithm_index*1000+run_index
gr137.tsp,MMAS,2,20251110,20463112,base+instance_index*10000+algorithm_index*1000+run_index
gr137.tsp,MMAS,3,20251110,20463113,base+instance_index*10000+algorithm_index*1000+run_index
gr137.tsp,MMAS,4,20251110,20463114,base+instance_index*10000+algorithm_index*1000+run_index
gr137.tsp,MMAS,5,20251110,20463115,base+instance_index*10000+algorithm_index*1000+run_index
gr137.tsp,MMAS,6,20251110,20463116,base+instance_index*10000+algorithm_index*1000+run_index
gr137.tsp,MMAS,7,20251110,20463117,base+instance_index*10000+algorithm_index*1000+run_index
gr137.tsp,MMAS,8,20251110,20463118,base+instance_index*10000+algorithm_index*1000+run_index
gr137.tsp,MMAS,9,20251110,20463119,base+instance_index*10000+algorithm_index*1000+run_index
gr137.tsp,MMAS,10,20251110,20463120,base+instance_index*10000+algorithm_index*1000+run_index
gr137.tsp,MSA-ACO,1,20251110,20272110,base+instance_index*1000+run_index-1
gr137.tsp,MSA-ACO,2,20251110,20272111,base+instance_index*1000+run_index-1
gr137.tsp,MSA-ACO,3,20251110,20272112,base+instance_index*1000+run_index-1
gr137.tsp,MSA-ACO,4,20251110,20272113,base+instance_index*1000+run_index-1
gr137.tsp,MSA-ACO,5,20251110,20272114,base+instance_index*1000+run_index-1
gr137.tsp,MSA-ACO,6,20251110,20272115,base+instance_index*1000+run_index-1
gr137.tsp,MSA-ACO,7,20251110,20272116,base+instance_index*1000+run_index-1
gr137.tsp,MSA-ACO,8,20251110,20272117,base+instance_index*1000+run_index-1
gr137.tsp,MSA-ACO,9,20251110,20272118,base+instance_index*1000+run_index-1
gr137.tsp,MSA-ACO,10,20251110,20272119,base+instance_index*1000+run_index-1
ch150.tsp,ACS,1,20251110,20472111,base+instance_index*10000+algorithm_index*1000+run_index
ch150.tsp,ACS,2,20251110,20472112,base+instance_index*10000+algorithm_index*1000+run_index
ch150.tsp,ACS,3,20251110,20472113,base+instance_index*10000+algorithm_index*1000+run_index
ch150.tsp,ACS,4,20251110,20472114,base+instance_index*10000+algorithm_index*1000+run_index
ch150.tsp,ACS,5,20251110,20472115,base+instance_index*10000+algorithm_index*1000+run_index
ch150.tsp,ACS,6,20251110,20472116,base+instance_index*10000+algorithm_index*1000+run_index
ch150.tsp,ACS,7,20251110,20472117,base+instance_index*10000+algorithm_index*1000+run_index
ch150.tsp,ACS,8,20251110,20472118,base+instance_index*10000+algorithm_index*1000+run_index
ch150.tsp,ACS,9,20251110,20472119,base+instance_index*10000+algorithm_index*1000+run_index
ch150.tsp,ACS,10,20251110,20472120,base+instance_index*10000+algorithm_index*1000+run_index
ch150.tsp,MMAS,1,20251110,20473111,base+instance_index*10000+algorithm_index*1000+run_index
ch150.tsp,MMAS,2,20251110,20473112,base+instance_index*10000+algorithm_index*1000+run_index
ch150.tsp,MMAS,3,20251110,20473113,base+instance_index*10000+algorithm_index*1000+run_index
ch150.tsp,MMAS,4,20251110,20473114,base+instance_index*10000+algorithm_index*1000+run_index
ch150.tsp,MMAS,5,20251110,20473115,base+instance_index*10000+algorithm_index*1000+run_index
ch150.tsp,MMAS,6,20251110,20473116,base+instance_index*10000+algorithm_index*1000+run_index
ch150.tsp,MMAS,7,20251110,20473117,base+instance_index*10000+algorithm_index*1000+run_index
ch150.tsp,MMAS,8,20251110,20473118,base+instance_index*10000+algorithm_index*1000+run_index
ch150.tsp,MMAS,9,20251110,20473119,base+instance_index*10000+algorithm_index*1000+run_index
ch150.tsp,MMAS,10,20251110,20473120,base+instance_index*10000+algorithm_index*1000+run_index
ch150.tsp,MSA-ACO,1,20251110,20273110,base+instance_index*1000+run_index-1
ch150.tsp,MSA-ACO,2,20251110,20273111,base+instance_index*1000+run_index-1
ch150.tsp,MSA-ACO,3,20251110,20273112,base+instance_index*1000+run_index-1
ch150.tsp,MSA-ACO,4,20251110,20273113,base+instance_index*1000+run_index-1
ch150.tsp,MSA-ACO,5,20251110,20273114,base+instance_index*1000+run_index-1
ch150.tsp,MSA-ACO,6,20251110,20273115,base+instance_index*1000+run_index-1
ch150.tsp,MSA-ACO,7,20251110,20273116,base+instance_index*1000+run_index-1
ch150.tsp,MSA-ACO,8,20251110,20273117,base+instance_index*1000+run_index-1
ch150.tsp,MSA-ACO,9,20251110,20273118,base+instance_index*1000+run_index-1
ch150.tsp,MSA-ACO,10,20251110,20273119,base+instance_index*1000+run_index-1
kroB150.tsp,ACS,1,20251110,20482111,base+instance_index*10000+algorithm_index*1000+run_index
kroB150.tsp,ACS,2,20251110,20482112,base+instance_index*10000+algorithm_index*1000+run_index
kroB150.tsp,ACS,3,20251110,20482113,base+instance_index*10000+algorithm_index*1000+run_index
kroB150.tsp,ACS,4,20251110,20482114,base+instance_index*10000+algorithm_index*1000+run_index
kroB150.tsp,ACS,5,20251110,20482115,base+instance_index*10000+algorithm_index*1000+run_index
kroB150.tsp,ACS,6,20251110,20482116,base+instance_index*10000+algorithm_index*1000+run_index
kroB150.tsp,ACS,7,20251110,20482117,base+instance_index*10000+algorithm_index*1000+run_index
kroB150.tsp,ACS,8,20251110,20482118,base+instance_index*10000+algorithm_index*1000+run_index
kroB150.tsp,ACS,9,20251110,20482119,base+instance_index*10000+algorithm_index*1000+run_index
kroB150.tsp,ACS,10,20251110,20482120,base+instance_index*10000+algorithm_index*1000+run_index
kroB150.tsp,MMAS,1,20251110,20483111,base+instance_index*10000+algorithm_index*1000+run_index
kroB150.tsp,MMAS,2,20251110,20483112,base+instance_index*10000+algorithm_index*1000+run_index
kroB150.tsp,MMAS,3,20251110,20483113,base+instance_index*10000+algorithm_index*1000+run_index
kroB150.tsp,MMAS,4,20251110,20483114,base+instance_index*10000+algorithm_index*1000+run_index
kroB150.tsp,MMAS,5,20251110,20483115,base+instance_index*10000+algorithm_index*1000+run_index
kroB150.tsp,MMAS,6,20251110,20483116,base+instance_index*10000+algorithm_index*1000+run_index
kroB150.tsp,MMAS,7,20251110,20483117,base+instance_index*10000+algorithm_index*1000+run_index
kroB150.tsp,MMAS,8,20251110,20483118,base+instance_index*10000+algorithm_index*1000+run_index
kroB150.tsp,MMAS,9,20251110,20483119,base+instance_index*10000+algorithm_index*1000+run_index
kroB150.tsp,MMAS,10,20251110,20483120,base+instance_index*10000+algorithm_index*1000+run_index
kroB150.tsp,MSA-ACO,1,20251110,20274110,base+instance_index*1000+run_index-1
kroB150.tsp,MSA-ACO,2,20251110,20274111,base+instance_index*1000+run_index-1
kroB150.tsp,MSA-ACO,3,20251110,20274112,base+instance_index*1000+run_index-1
kroB150.tsp,MSA-ACO,4,20251110,20274113,base+instance_index*1000+run_index-1
kroB150.tsp,MSA-ACO,5,20251110,20274114,base+instance_index*1000+run_index-1
kroB150.tsp,MSA-ACO,6,20251110,20274115,base+instance_index*1000+run_index-1
kroB150.tsp,MSA-ACO,7,20251110,20274116,base+instance_index*1000+run_index-1
kroB150.tsp,MSA-ACO,8,20251110,20274117,base+instance_index*1000+run_index-1
kroB150.tsp,MSA-ACO,9,20251110,20274118,base+instance_index*1000+run_index-1
kroB150.tsp,MSA-ACO,10,20251110,20274119,base+instance_index*1000+run_index-1
kroA150.tsp,ACS,1,20251110,20492111,base+instance_index*10000+algorithm_index*1000+run_index
kroA150.tsp,ACS,2,20251110,20492112,base+instance_index*10000+algorithm_index*1000+run_index
kroA150.tsp,ACS,3,20251110,20492113,base+instance_index*10000+algorithm_index*1000+run_index
kroA150.tsp,ACS,4,20251110,20492114,base+instance_index*10000+algorithm_index*1000+run_index
kroA150.tsp,ACS,5,20251110,20492115,base+instance_index*10000+algorithm_index*1000+run_index
kroA150.tsp,ACS,6,20251110,20492116,base+instance_index*10000+algorithm_index*1000+run_index
kroA150.tsp,ACS,7,20251110,20492117,base+instance_index*10000+algorithm_index*1000+run_index
kroA150.tsp,ACS,8,20251110,20492118,base+instance_index*10000+algorithm_index*1000+run_index
kroA150.tsp,ACS,9,20251110,20492119,base+instance_index*10000+algorithm_index*1000+run_index
kroA150.tsp,ACS,10,20251110,20492120,base+instance_index*10000+algorithm_index*1000+run_index
kroA150.tsp,MMAS,1,20251110,20493111,base+instance_index*10000+algorithm_index*1000+run_index
kroA150.tsp,MMAS,2,20251110,20493112,base+instance_index*10000+algorithm_index*1000+run_index
kroA150.tsp,MMAS,3,20251110,20493113,base+instance_index*10000+algorithm_index*1000+run_index
kroA150.tsp,MMAS,4,20251110,20493114,base+instance_index*10000+algorithm_index*1000+run_index
kroA150.tsp,MMAS,5,20251110,20493115,base+instance_index*10000+algorithm_index*1000+run_index
kroA150.tsp,MMAS,6,20251110,20493116,base+instance_index*10000+algorithm_index*1000+run_index
kroA150.tsp,MMAS,7,20251110,20493117,base+instance_index*10000+algorithm_index*1000+run_index
kroA150.tsp,MMAS,8,20251110,20493118,base+instance_index*10000+algorithm_index*1000+run_index
kroA150.tsp,MMAS,9,20251110,20493119,base+instance_index*10000+algorithm_index*1000+run_index
kroA150.tsp,MMAS,10,20251110,20493120,base+instance_index*10000+algorithm_index*1000+run_index
kroA150.tsp,MSA-ACO,1,20251110,20275110,base+instance_index*1000+run_index-1
kroA150.tsp,MSA-ACO,2,20251110,20275111,base+instance_index*1000+run_index-1
kroA150.tsp,MSA-ACO,3,20251110,20275112,base+instance_index*1000+run_index-1
kroA150.tsp,MSA-ACO,4,20251110,20275113,base+instance_index*1000+run_index-1
kroA150.tsp,MSA-ACO,5,20251110,20275114,base+instance_index*1000+run_index-1
kroA150.tsp,MSA-ACO,6,20251110,20275115,base+instance_index*1000+run_index-1
kroA150.tsp,MSA-ACO,7,20251110,20275116,base+instance_index*1000+run_index-1
kroA150.tsp,MSA-ACO,8,20251110,20275117,base+instance_index*1000+run_index-1
kroA150.tsp,MSA-ACO,9,20251110,20275118,base+instance_index*1000+run_index-1
kroA150.tsp,MSA-ACO,10,20251110,20275119,base+instance_index*1000+run_index-1
d198.tsp,ACS,1,20251110,20512111,base+instance_index*10000+algorithm_index*1000+run_index
d198.tsp,ACS,2,20251110,20512112,base+instance_index*10000+algorithm_index*1000+run_index
d198.tsp,ACS,3,20251110,20512113,base+instance_index*10000+algorithm_index*1000+run_index
d198.tsp,ACS,4,20251110,20512114,base+instance_index*10000+algorithm_index*1000+run_index
d198.tsp,ACS,5,20251110,20512115,base+instance_index*10000+algorithm_index*1000+run_index
d198.tsp,ACS,6,20251110,20512116,base+instance_index*10000+algorithm_index*1000+run_index
d198.tsp,ACS,7,20251110,20512117,base+instance_index*10000+algorithm_index*1000+run_index
d198.tsp,ACS,8,20251110,20512118,base+instance_index*10000+algorithm_index*1000+run_index
d198.tsp,ACS,9,20251110,20512119,base+instance_index*10000+algorithm_index*1000+run_index
d198.tsp,ACS,10,20251110,20512120,base+instance_index*10000+algorithm_index*1000+run_index
d198.tsp,MMAS,1,20251110,20513111,base+instance_index*10000+algorithm_index*1000+run_index
d198.tsp,MMAS,2,20251110,20513112,base+instance_index*10000+algorithm_index*1000+run_index
d198.tsp,MMAS,3,20251110,20513113,base+instance_index*10000+algorithm_index*1000+run_index
d198.tsp,MMAS,4,20251110,20513114,base+instance_index*10000+algorithm_index*1000+run_index
d198.tsp,MMAS,5,20251110,20513115,base+instance_index*10000+algorithm_index*1000+run_index
d198.tsp,MMAS,6,20251110,20513116,base+instance_index*10000+algorithm_index*1000+run_index
d198.tsp,MMAS,7,20251110,20513117,base+instance_index*10000+algorithm_index*1000+run_index
d198.tsp,MMAS,8,20251110,20513118,base+instance_index*10000+algorithm_index*1000+run_index
d198.tsp,MMAS,9,20251110,20513119,base+instance_index*10000+algorithm_index*1000+run_index
d198.tsp,MMAS,10,20251110,20513120,base+instance_index*10000+algorithm_index*1000+run_index
d198.tsp,MSA-ACO,1,20251110,20277110,base+instance_index*1000+run_index-1
d198.tsp,MSA-ACO,2,20251110,20277111,base+instance_index*1000+run_index-1
d198.tsp,MSA-ACO,3,20251110,20277112,base+instance_index*1000+run_index-1
d198.tsp,MSA-ACO,4,20251110,20277113,base+instance_index*1000+run_index-1
d198.tsp,MSA-ACO,5,20251110,20277114,base+instance_index*1000+run_index-1
d198.tsp,MSA-ACO,6,20251110,20277115,base+instance_index*1000+run_index-1
d198.tsp,MSA-ACO,7,20251110,20277116,base+instance_index*1000+run_index-1
d198.tsp,MSA-ACO,8,20251110,20277117,base+instance_index*1000+run_index-1
d198.tsp,MSA-ACO,9,20251110,20277118,base+instance_index*1000+run_index-1
d198.tsp,MSA-ACO,10,20251110,20277119,base+instance_index*1000+run_index-1
kroA200.tsp,ACS,1,20251110,20522111,base+instance_index*10000+algorithm_index*1000+run_index
kroA200.tsp,ACS,2,20251110,20522112,base+instance_index*10000+algorithm_index*1000+run_index
kroA200.tsp,ACS,3,20251110,20522113,base+instance_index*10000+algorithm_index*1000+run_index
kroA200.tsp,ACS,4,20251110,20522114,base+instance_index*10000+algorithm_index*1000+run_index
kroA200.tsp,ACS,5,20251110,20522115,base+instance_index*10000+algorithm_index*1000+run_index
kroA200.tsp,ACS,6,20251110,20522116,base+instance_index*10000+algorithm_index*1000+run_index
kroA200.tsp,ACS,7,20251110,20522117,base+instance_index*10000+algorithm_index*1000+run_index
kroA200.tsp,ACS,8,20251110,20522118,base+instance_index*10000+algorithm_index*1000+run_index
kroA200.tsp,ACS,9,20251110,20522119,base+instance_index*10000+algorithm_index*1000+run_index
kroA200.tsp,ACS,10,20251110,20522120,base+instance_index*10000+algorithm_index*1000+run_index
kroA200.tsp,MMAS,1,20251110,20523111,base+instance_index*10000+algorithm_index*1000+run_index
kroA200.tsp,MMAS,2,20251110,20523112,base+instance_index*10000+algorithm_index*1000+run_index
kroA200.tsp,MMAS,3,20251110,20523113,base+instance_index*10000+algorithm_index*1000+run_index
kroA200.tsp,MMAS,4,20251110,20523114,base+instance_index*10000+algorithm_index*1000+run_index
kroA200.tsp,MMAS,5,20251110,20523115,base+instance_index*10000+algorithm_index*1000+run_index
kroA200.tsp,MMAS,6,20251110,20523116,base+instance_index*10000+algorithm_index*1000+run_index
kroA200.tsp,MMAS,7,20251110,20523117,base+instance_index*10000+algorithm_index*1000+run_index
kroA200.tsp,MMAS,8,20251110,20523118,base+instance_index*10000+algorithm_index*1000+run_index
kroA200.tsp,MMAS,9,20251110,20523119,base+instance_index*10000+algorithm_index*1000+run_index
kroA200.tsp,MMAS,10,20251110,20523120,base+instance_index*10000+algorithm_index*1000+run_index
kroA200.tsp,MSA-ACO,1,20251110,20278110,base+instance_index*1000+run_index-1
kroA200.tsp,MSA-ACO,2,20251110,20278111,base+instance_index*1000+run_index-1
kroA200.tsp,MSA-ACO,3,20251110,20278112,base+instance_index*1000+run_index-1
kroA200.tsp,MSA-ACO,4,20251110,20278113,base+instance_index*1000+run_index-1
kroA200.tsp,MSA-ACO,5,20251110,20278114,base+instance_index*1000+run_index-1
kroA200.tsp,MSA-ACO,6,20251110,20278115,base+instance_index*1000+run_index-1
kroA200.tsp,MSA-ACO,7,20251110,20278116,base+instance_index*1000+run_index-1
kroA200.tsp,MSA-ACO,8,20251110,20278117,base+instance_index*1000+run_index-1
kroA200.tsp,MSA-ACO,9,20251110,20278118,base+instance_index*1000+run_index-1
kroA200.tsp,MSA-ACO,10,20251110,20278119,base+instance_index*1000+run_index-1
kroB200.tsp,ACS,1,20251110,20532111,base+instance_index*10000+algorithm_index*1000+run_index
kroB200.tsp,ACS,2,20251110,20532112,base+instance_index*10000+algorithm_index*1000+run_index
kroB200.tsp,ACS,3,20251110,20532113,base+instance_index*10000+algorithm_index*1000+run_index
kroB200.tsp,ACS,4,20251110,20532114,base+instance_index*10000+algorithm_index*1000+run_index
kroB200.tsp,ACS,5,20251110,20532115,base+instance_index*10000+algorithm_index*1000+run_index
kroB200.tsp,ACS,6,20251110,20532116,base+instance_index*10000+algorithm_index*1000+run_index
kroB200.tsp,ACS,7,20251110,20532117,base+instance_index*10000+algorithm_index*1000+run_index
kroB200.tsp,ACS,8,20251110,20532118,base+instance_index*10000+algorithm_index*1000+run_index
kroB200.tsp,ACS,9,20251110,20532119,base+instance_index*10000+algorithm_index*1000+run_index
kroB200.tsp,ACS,10,20251110,20532120,base+instance_index*10000+algorithm_index*1000+run_index
kroB200.tsp,MMAS,1,20251110,20533111,base+instance_index*10000+algorithm_index*1000+run_index
kroB200.tsp,MMAS,2,20251110,20533112,base+instance_index*10000+algorithm_index*1000+run_index
kroB200.tsp,MMAS,3,20251110,20533113,base+instance_index*10000+algorithm_index*1000+run_index
kroB200.tsp,MMAS,4,20251110,20533114,base+instance_index*10000+algorithm_index*1000+run_index
kroB200.tsp,MMAS,5,20251110,20533115,base+instance_index*10000+algorithm_index*1000+run_index
kroB200.tsp,MMAS,6,20251110,20533116,base+instance_index*10000+algorithm_index*1000+run_index
kroB200.tsp,MMAS,7,20251110,20533117,base+instance_index*10000+algorithm_index*1000+run_index
kroB200.tsp,MMAS,8,20251110,20533118,base+instance_index*10000+algorithm_index*1000+run_index
kroB200.tsp,MMAS,9,20251110,20533119,base+instance_index*10000+algorithm_index*1000+run_index
kroB200.tsp,MMAS,10,20251110,20533120,base+instance_index*10000+algorithm_index*1000+run_index
kroB200.tsp,MSA-ACO,1,20251110,20279110,base+instance_index*1000+run_index-1
kroB200.tsp,MSA-ACO,2,20251110,20279111,base+instance_index*1000+run_index-1
kroB200.tsp,MSA-ACO,3,20251110,20279112,base+instance_index*1000+run_index-1
kroB200.tsp,MSA-ACO,4,20251110,20279113,base+instance_index*1000+run_index-1
kroB200.tsp,MSA-ACO,5,20251110,20279114,base+instance_index*1000+run_index-1
kroB200.tsp,MSA-ACO,6,20251110,20279115,base+instance_index*1000+run_index-1
kroB200.tsp,MSA-ACO,7,20251110,20279116,base+instance_index*1000+run_index-1
kroB200.tsp,MSA-ACO,8,20251110,20279117,base+instance_index*1000+run_index-1
kroB200.tsp,MSA-ACO,9,20251110,20279118,base+instance_index*1000+run_index-1
kroB200.tsp,MSA-ACO,10,20251110,20279119,base+instance_index*1000+run_index-1
gr202.tsp,ACS,1,20251110,20542111,base+instance_index*10000+algorithm_index*1000+run_index
gr202.tsp,ACS,2,20251110,20542112,base+instance_index*10000+algorithm_index*1000+run_index
gr202.tsp,ACS,3,20251110,20542113,base+instance_index*10000+algorithm_index*1000+run_index
gr202.tsp,ACS,4,20251110,20542114,base+instance_index*10000+algorithm_index*1000+run_index
gr202.tsp,ACS,5,20251110,20542115,base+instance_index*10000+algorithm_index*1000+run_index
gr202.tsp,ACS,6,20251110,20542116,base+instance_index*10000+algorithm_index*1000+run_index
gr202.tsp,ACS,7,20251110,20542117,base+instance_index*10000+algorithm_index*1000+run_index
gr202.tsp,ACS,8,20251110,20542118,base+instance_index*10000+algorithm_index*1000+run_index
gr202.tsp,ACS,9,20251110,20542119,base+instance_index*10000+algorithm_index*1000+run_index
gr202.tsp,ACS,10,20251110,20542120,base+instance_index*10000+algorithm_index*1000+run_index
gr202.tsp,MMAS,1,20251110,20543111,base+instance_index*10000+algorithm_index*1000+run_index
gr202.tsp,MMAS,2,20251110,20543112,base+instance_index*10000+algorithm_index*1000+run_index
gr202.tsp,MMAS,3,20251110,20543113,base+instance_index*10000+algorithm_index*1000+run_index
gr202.tsp,MMAS,4,20251110,20543114,base+instance_index*10000+algorithm_index*1000+run_index
gr202.tsp,MMAS,5,20251110,20543115,base+instance_index*10000+algorithm_index*1000+run_index
gr202.tsp,MMAS,6,20251110,20543116,base+instance_index*10000+algorithm_index*1000+run_index
gr202.tsp,MMAS,7,20251110,20543117,base+instance_index*10000+algorithm_index*1000+run_index
gr202.tsp,MMAS,8,20251110,20543118,base+instance_index*10000+algorithm_index*1000+run_index
gr202.tsp,MMAS,9,20251110,20543119,base+instance_index*10000+algorithm_index*1000+run_index
gr202.tsp,MMAS,10,20251110,20543120,base+instance_index*10000+algorithm_index*1000+run_index
gr202.tsp,MSA-ACO,1,20251110,20280110,base+instance_index*1000+run_index-1
gr202.tsp,MSA-ACO,2,20251110,20280111,base+instance_index*1000+run_index-1
gr202.tsp,MSA-ACO,3,20251110,20280112,base+instance_index*1000+run_index-1
gr202.tsp,MSA-ACO,4,20251110,20280113,base+instance_index*1000+run_index-1
gr202.tsp,MSA-ACO,5,20251110,20280114,base+instance_index*1000+run_index-1
gr202.tsp,MSA-ACO,6,20251110,20280115,base+instance_index*1000+run_index-1
gr202.tsp,MSA-ACO,7,20251110,20280116,base+instance_index*1000+run_index-1
gr202.tsp,MSA-ACO,8,20251110,20280117,base+instance_index*1000+run_index-1
gr202.tsp,MSA-ACO,9,20251110,20280118,base+instance_index*1000+run_index-1
gr202.tsp,MSA-ACO,10,20251110,20280119,base+instance_index*1000+run_index-1
ts225.tsp,ACS,1,20251110,20552111,base+instance_index*10000+algorithm_index*1000+run_index
ts225.tsp,ACS,2,20251110,20552112,base+instance_index*10000+algorithm_index*1000+run_index
ts225.tsp,ACS,3,20251110,20552113,base+instance_index*10000+algorithm_index*1000+run_index
ts225.tsp,ACS,4,20251110,20552114,base+instance_index*10000+algorithm_index*1000+run_index
ts225.tsp,ACS,5,20251110,20552115,base+instance_index*10000+algorithm_index*1000+run_index
ts225.tsp,ACS,6,20251110,20552116,base+instance_index*10000+algorithm_index*1000+run_index
ts225.tsp,ACS,7,20251110,20552117,base+instance_index*10000+algorithm_index*1000+run_index
ts225.tsp,ACS,8,20251110,20552118,base+instance_index*10000+algorithm_index*1000+run_index
ts225.tsp,ACS,9,20251110,20552119,base+instance_index*10000+algorithm_index*1000+run_index
ts225.tsp,ACS,10,20251110,20552120,base+instance_index*10000+algorithm_index*1000+run_index
ts225.tsp,MMAS,1,20251110,20553111,base+instance_index*10000+algorithm_index*1000+run_index
ts225.tsp,MMAS,2,20251110,20553112,base+instance_index*10000+algorithm_index*1000+run_index
ts225.tsp,MMAS,3,20251110,20553113,base+instance_index*10000+algorithm_index*1000+run_index
ts225.tsp,MMAS,4,20251110,20553114,base+instance_index*10000+algorithm_index*1000+run_index
ts225.tsp,MMAS,5,20251110,20553115,base+instance_index*10000+algorithm_index*1000+run_index
ts225.tsp,MMAS,6,20251110,20553116,base+instance_index*10000+algorithm_index*1000+run_index
ts225.tsp,MMAS,7,20251110,20553117,base+instance_index*10000+algorithm_index*1000+run_index
ts225.tsp,MMAS,8,20251110,20553118,base+instance_index*10000+algorithm_index*1000+run_index
ts225.tsp,MMAS,9,20251110,20553119,base+instance_index*10000+algorithm_index*1000+run_index
ts225.tsp,MMAS,10,20251110,20553120,base+instance_index*10000+algorithm_index*1000+run_index
ts225.tsp,MSA-ACO,1,20251110,20281110,base+instance_index*1000+run_index-1
ts225.tsp,MSA-ACO,2,20251110,20281111,base+instance_index*1000+run_index-1
ts225.tsp,MSA-ACO,3,20251110,20281112,base+instance_index*1000+run_index-1
ts225.tsp,MSA-ACO,4,20251110,20281113,base+instance_index*1000+run_index-1
ts225.tsp,MSA-ACO,5,20251110,20281114,base+instance_index*1000+run_index-1
ts225.tsp,MSA-ACO,6,20251110,20281115,base+instance_index*1000+run_index-1
ts225.tsp,MSA-ACO,7,20251110,20281116,base+instance_index*1000+run_index-1
ts225.tsp,MSA-ACO,8,20251110,20281117,base+instance_index*1000+run_index-1
ts225.tsp,MSA-ACO,9,20251110,20281118,base+instance_index*1000+run_index-1
ts225.tsp,MSA-ACO,10,20251110,20281119,base+instance_index*1000+run_index-1
pr226.tsp,ACS,1,20251110,20562111,base+instance_index*10000+algorithm_index*1000+run_index
pr226.tsp,ACS,2,20251110,20562112,base+instance_index*10000+algorithm_index*1000+run_index
pr226.tsp,ACS,3,20251110,20562113,base+instance_index*10000+algorithm_index*1000+run_index
pr226.tsp,ACS,4,20251110,20562114,base+instance_index*10000+algorithm_index*1000+run_index
pr226.tsp,ACS,5,20251110,20562115,base+instance_index*10000+algorithm_index*1000+run_index
pr226.tsp,ACS,6,20251110,20562116,base+instance_index*10000+algorithm_index*1000+run_index
pr226.tsp,ACS,7,20251110,20562117,base+instance_index*10000+algorithm_index*1000+run_index
pr226.tsp,ACS,8,20251110,20562118,base+instance_index*10000+algorithm_index*1000+run_index
pr226.tsp,ACS,9,20251110,20562119,base+instance_index*10000+algorithm_index*1000+run_index
pr226.tsp,ACS,10,20251110,20562120,base+instance_index*10000+algorithm_index*1000+run_index
pr226.tsp,MMAS,1,20251110,20563111,base+instance_index*10000+algorithm_index*1000+run_index
pr226.tsp,MMAS,2,20251110,20563112,base+instance_index*10000+algorithm_index*1000+run_index
pr226.tsp,MMAS,3,20251110,20563113,base+instance_index*10000+algorithm_index*1000+run_index
pr226.tsp,MMAS,4,20251110,20563114,base+instance_index*10000+algorithm_index*1000+run_index
pr226.tsp,MMAS,5,20251110,20563115,base+instance_index*10000+algorithm_index*1000+run_index
pr226.tsp,MMAS,6,20251110,20563116,base+instance_index*10000+algorithm_index*1000+run_index
pr226.tsp,MMAS,7,20251110,20563117,base+instance_index*10000+algorithm_index*1000+run_index
pr226.tsp,MMAS,8,20251110,20563118,base+instance_index*10000+algorithm_index*1000+run_index
pr226.tsp,MMAS,9,20251110,20563119,base+instance_index*10000+algorithm_index*1000+run_index
pr226.tsp,MMAS,10,20251110,20563120,base+instance_index*10000+algorithm_index*1000+run_index
pr226.tsp,MSA-ACO,1,20251110,20282110,base+instance_index*1000+run_index-1
pr226.tsp,MSA-ACO,2,20251110,20282111,base+instance_index*1000+run_index-1
pr226.tsp,MSA-ACO,3,20251110,20282112,base+instance_index*1000+run_index-1
pr226.tsp,MSA-ACO,4,20251110,20282113,base+instance_index*1000+run_index-1
pr226.tsp,MSA-ACO,5,20251110,20282114,base+instance_index*1000+run_index-1
pr226.tsp,MSA-ACO,6,20251110,20282115,base+instance_index*1000+run_index-1
pr226.tsp,MSA-ACO,7,20251110,20282116,base+instance_index*1000+run_index-1
pr226.tsp,MSA-ACO,8,20251110,20282117,base+instance_index*1000+run_index-1
pr226.tsp,MSA-ACO,9,20251110,20282118,base+instance_index*1000+run_index-1
pr226.tsp,MSA-ACO,10,20251110,20282119,base+instance_index*1000+run_index-1
gil262.tsp,ACS,1,20251110,20572111,base+instance_index*10000+algorithm_index*1000+run_index
gil262.tsp,ACS,2,20251110,20572112,base+instance_index*10000+algorithm_index*1000+run_index
gil262.tsp,ACS,3,20251110,20572113,base+instance_index*10000+algorithm_index*1000+run_index
gil262.tsp,ACS,4,20251110,20572114,base+instance_index*10000+algorithm_index*1000+run_index
gil262.tsp,ACS,5,20251110,20572115,base+instance_index*10000+algorithm_index*1000+run_index
gil262.tsp,ACS,6,20251110,20572116,base+instance_index*10000+algorithm_index*1000+run_index
gil262.tsp,ACS,7,20251110,20572117,base+instance_index*10000+algorithm_index*1000+run_index
gil262.tsp,ACS,8,20251110,20572118,base+instance_index*10000+algorithm_index*1000+run_index
gil262.tsp,ACS,9,20251110,20572119,base+instance_index*10000+algorithm_index*1000+run_index
gil262.tsp,ACS,10,20251110,20572120,base+instance_index*10000+algorithm_index*1000+run_index
gil262.tsp,MMAS,1,20251110,20573111,base+instance_index*10000+algorithm_index*1000+run_index
gil262.tsp,MMAS,2,20251110,20573112,base+instance_index*10000+algorithm_index*1000+run_index
gil262.tsp,MMAS,3,20251110,20573113,base+instance_index*10000+algorithm_index*1000+run_index
gil262.tsp,MMAS,4,20251110,20573114,base+instance_index*10000+algorithm_index*1000+run_index
gil262.tsp,MMAS,5,20251110,20573115,base+instance_index*10000+algorithm_index*1000+run_index
gil262.tsp,MMAS,6,20251110,20573116,base+instance_index*10000+algorithm_index*1000+run_index
gil262.tsp,MMAS,7,20251110,20573117,base+instance_index*10000+algorithm_index*1000+run_index
gil262.tsp,MMAS,8,20251110,20573118,base+instance_index*10000+algorithm_index*1000+run_index
gil262.tsp,MMAS,9,20251110,20573119,base+instance_index*10000+algorithm_index*1000+run_index
gil262.tsp,MMAS,10,20251110,20573120,base+instance_index*10000+algorithm_index*1000+run_index
gil262.tsp,MSA-ACO,1,20251110,20283110,base+instance_index*1000+run_index-1
gil262.tsp,MSA-ACO,2,20251110,20283111,base+instance_index*1000+run_index-1
gil262.tsp,MSA-ACO,3,20251110,20283112,base+instance_index*1000+run_index-1
gil262.tsp,MSA-ACO,4,20251110,20283113,base+instance_index*1000+run_index-1
gil262.tsp,MSA-ACO,5,20251110,20283114,base+instance_index*1000+run_index-1
gil262.tsp,MSA-ACO,6,20251110,20283115,base+instance_index*1000+run_index-1
gil262.tsp,MSA-ACO,7,20251110,20283116,base+instance_index*1000+run_index-1
gil262.tsp,MSA-ACO,8,20251110,20283117,base+instance_index*1000+run_index-1
gil262.tsp,MSA-ACO,9,20251110,20283118,base+instance_index*1000+run_index-1
gil262.tsp,MSA-ACO,10,20251110,20283119,base+instance_index*1000+run_index-1
pr264.tsp,ACS,1,20251110,20582111,base+instance_index*10000+algorithm_index*1000+run_index
pr264.tsp,ACS,2,20251110,20582112,base+instance_index*10000+algorithm_index*1000+run_index
pr264.tsp,ACS,3,20251110,20582113,base+instance_index*10000+algorithm_index*1000+run_index
pr264.tsp,ACS,4,20251110,20582114,base+instance_index*10000+algorithm_index*1000+run_index
pr264.tsp,ACS,5,20251110,20582115,base+instance_index*10000+algorithm_index*1000+run_index
pr264.tsp,ACS,6,20251110,20582116,base+instance_index*10000+algorithm_index*1000+run_index
pr264.tsp,ACS,7,20251110,20582117,base+instance_index*10000+algorithm_index*1000+run_index
pr264.tsp,ACS,8,20251110,20582118,base+instance_index*10000+algorithm_index*1000+run_index
pr264.tsp,ACS,9,20251110,20582119,base+instance_index*10000+algorithm_index*1000+run_index
pr264.tsp,ACS,10,20251110,20582120,base+instance_index*10000+algorithm_index*1000+run_index
pr264.tsp,MMAS,1,20251110,20583111,base+instance_index*10000+algorithm_index*1000+run_index
pr264.tsp,MMAS,2,20251110,20583112,base+instance_index*10000+algorithm_index*1000+run_index
pr264.tsp,MMAS,3,20251110,20583113,base+instance_index*10000+algorithm_index*1000+run_index
pr264.tsp,MMAS,4,20251110,20583114,base+instance_index*10000+algorithm_index*1000+run_index
pr264.tsp,MMAS,5,20251110,20583115,base+instance_index*10000+algorithm_index*1000+run_index
pr264.tsp,MMAS,6,20251110,20583116,base+instance_index*10000+algorithm_index*1000+run_index
pr264.tsp,MMAS,7,20251110,20583117,base+instance_index*10000+algorithm_index*1000+run_index
pr264.tsp,MMAS,8,20251110,20583118,base+instance_index*10000+algorithm_index*1000+run_index
pr264.tsp,MMAS,9,20251110,20583119,base+instance_index*10000+algorithm_index*1000+run_index
pr264.tsp,MMAS,10,20251110,20583120,base+instance_index*10000+algorithm_index*1000+run_index
pr264.tsp,MSA-ACO,1,20251110,20284110,base+instance_index*1000+run_index-1
pr264.tsp,MSA-ACO,2,20251110,20284111,base+instance_index*1000+run_index-1
pr264.tsp,MSA-ACO,3,20251110,20284112,base+instance_index*1000+run_index-1
pr264.tsp,MSA-ACO,4,20251110,20284113,base+instance_index*1000+run_index-1
pr264.tsp,MSA-ACO,5,20251110,20284114,base+instance_index*1000+run_index-1
pr264.tsp,MSA-ACO,6,20251110,20284115,base+instance_index*1000+run_index-1
pr264.tsp,MSA-ACO,7,20251110,20284116,base+instance_index*1000+run_index-1
pr264.tsp,MSA-ACO,8,20251110,20284117,base+instance_index*1000+run_index-1
pr264.tsp,MSA-ACO,9,20251110,20284118,base+instance_index*1000+run_index-1
pr264.tsp,MSA-ACO,10,20251110,20284119,base+instance_index*1000+run_index-1
a280.tsp,ACS,1,20251110,20592111,base+instance_index*10000+algorithm_index*1000+run_index
a280.tsp,ACS,2,20251110,20592112,base+instance_index*10000+algorithm_index*1000+run_index
a280.tsp,ACS,3,20251110,20592113,base+instance_index*10000+algorithm_index*1000+run_index
a280.tsp,ACS,4,20251110,20592114,base+instance_index*10000+algorithm_index*1000+run_index
a280.tsp,ACS,5,20251110,20592115,base+instance_index*10000+algorithm_index*1000+run_index
a280.tsp,ACS,6,20251110,20592116,base+instance_index*10000+algorithm_index*1000+run_index
a280.tsp,ACS,7,20251110,20592117,base+instance_index*10000+algorithm_index*1000+run_index
a280.tsp,ACS,8,20251110,20592118,base+instance_index*10000+algorithm_index*1000+run_index
a280.tsp,ACS,9,20251110,20592119,base+instance_index*10000+algorithm_index*1000+run_index
a280.tsp,ACS,10,20251110,20592120,base+instance_index*10000+algorithm_index*1000+run_index
a280.tsp,MMAS,1,20251110,20593111,base+instance_index*10000+algorithm_index*1000+run_index
a280.tsp,MMAS,2,20251110,20593112,base+instance_index*10000+algorithm_index*1000+run_index
a280.tsp,MMAS,3,20251110,20593113,base+instance_index*10000+algorithm_index*1000+run_index
a280.tsp,MMAS,4,20251110,20593114,base+instance_index*10000+algorithm_index*1000+run_index
a280.tsp,MMAS,5,20251110,20593115,base+instance_index*10000+algorithm_index*1000+run_index
a280.tsp,MMAS,6,20251110,20593116,base+instance_index*10000+algorithm_index*1000+run_index
a280.tsp,MMAS,7,20251110,20593117,base+instance_index*10000+algorithm_index*1000+run_index
a280.tsp,MMAS,8,20251110,20593118,base+instance_index*10000+algorithm_index*1000+run_index
a280.tsp,MMAS,9,20251110,20593119,base+instance_index*10000+algorithm_index*1000+run_index
a280.tsp,MMAS,10,20251110,20593120,base+instance_index*10000+algorithm_index*1000+run_index
a280.tsp,MSA-ACO,1,20251110,20285110,base+instance_index*1000+run_index-1
a280.tsp,MSA-ACO,2,20251110,20285111,base+instance_index*1000+run_index-1
a280.tsp,MSA-ACO,3,20251110,20285112,base+instance_index*1000+run_index-1
a280.tsp,MSA-ACO,4,20251110,20285113,base+instance_index*1000+run_index-1
a280.tsp,MSA-ACO,5,20251110,20285114,base+instance_index*1000+run_index-1
a280.tsp,MSA-ACO,6,20251110,20285115,base+instance_index*1000+run_index-1
a280.tsp,MSA-ACO,7,20251110,20285116,base+instance_index*1000+run_index-1
a280.tsp,MSA-ACO,8,20251110,20285117,base+instance_index*1000+run_index-1
a280.tsp,MSA-ACO,9,20251110,20285118,base+instance_index*1000+run_index-1
a280.tsp,MSA-ACO,10,20251110,20285119,base+instance_index*1000+run_index-1
pr299.tsp,ACS,1,20251110,20602111,base+instance_index*10000+algorithm_index*1000+run_index
pr299.tsp,ACS,2,20251110,20602112,base+instance_index*10000+algorithm_index*1000+run_index
pr299.tsp,ACS,3,20251110,20602113,base+instance_index*10000+algorithm_index*1000+run_index
pr299.tsp,ACS,4,20251110,20602114,base+instance_index*10000+algorithm_index*1000+run_index
pr299.tsp,ACS,5,20251110,20602115,base+instance_index*10000+algorithm_index*1000+run_index
pr299.tsp,ACS,6,20251110,20602116,base+instance_index*10000+algorithm_index*1000+run_index
pr299.tsp,ACS,7,20251110,20602117,base+instance_index*10000+algorithm_index*1000+run_index
pr299.tsp,ACS,8,20251110,20602118,base+instance_index*10000+algorithm_index*1000+run_index
pr299.tsp,ACS,9,20251110,20602119,base+instance_index*10000+algorithm_index*1000+run_index
pr299.tsp,ACS,10,20251110,20602120,base+instance_index*10000+algorithm_index*1000+run_index
pr299.tsp,MMAS,1,20251110,20603111,base+instance_index*10000+algorithm_index*1000+run_index
pr299.tsp,MMAS,2,20251110,20603112,base+instance_index*10000+algorithm_index*1000+run_index
pr299.tsp,MMAS,3,20251110,20603113,base+instance_index*10000+algorithm_index*1000+run_index
pr299.tsp,MMAS,4,20251110,20603114,base+instance_index*10000+algorithm_index*1000+run_index
pr299.tsp,MMAS,5,20251110,20603115,base+instance_index*10000+algorithm_index*1000+run_index
pr299.tsp,MMAS,6,20251110,20603116,base+instance_index*10000+algorithm_index*1000+run_index
pr299.tsp,MMAS,7,20251110,20603117,base+instance_index*10000+algorithm_index*1000+run_index
pr299.tsp,MMAS,8,20251110,20603118,base+instance_index*10000+algorithm_index*1000+run_index
pr299.tsp,MMAS,9,20251110,20603119,base+instance_index*10000+algorithm_index*1000+run_index
pr299.tsp,MMAS,10,20251110,20603120,base+instance_index*10000+algorithm_index*1000+run_index
pr299.tsp,MSA-ACO,1,20251110,20286110,base+instance_index*1000+run_index-1
pr299.tsp,MSA-ACO,2,20251110,20286111,base+instance_index*1000+run_index-1
pr299.tsp,MSA-ACO,3,20251110,20286112,base+instance_index*1000+run_index-1
pr299.tsp,MSA-ACO,4,20251110,20286113,base+instance_index*1000+run_index-1
pr299.tsp,MSA-ACO,5,20251110,20286114,base+instance_index*1000+run_index-1
pr299.tsp,MSA-ACO,6,20251110,20286115,base+instance_index*1000+run_index-1
pr299.tsp,MSA-ACO,7,20251110,20286116,base+instance_index*1000+run_index-1
pr299.tsp,MSA-ACO,8,20251110,20286117,base+instance_index*1000+run_index-1
pr299.tsp,MSA-ACO,9,20251110,20286118,base+instance_index*1000+run_index-1
pr299.tsp,MSA-ACO,10,20251110,20286119,base+instance_index*1000+run_index-1
lin318.tsp,ACS,1,20251110,20612111,base+instance_index*10000+algorithm_index*1000+run_index
lin318.tsp,ACS,2,20251110,20612112,base+instance_index*10000+algorithm_index*1000+run_index
lin318.tsp,ACS,3,20251110,20612113,base+instance_index*10000+algorithm_index*1000+run_index
lin318.tsp,ACS,4,20251110,20612114,base+instance_index*10000+algorithm_index*1000+run_index
lin318.tsp,ACS,5,20251110,20612115,base+instance_index*10000+algorithm_index*1000+run_index
lin318.tsp,ACS,6,20251110,20612116,base+instance_index*10000+algorithm_index*1000+run_index
lin318.tsp,ACS,7,20251110,20612117,base+instance_index*10000+algorithm_index*1000+run_index
lin318.tsp,ACS,8,20251110,20612118,base+instance_index*10000+algorithm_index*1000+run_index
lin318.tsp,ACS,9,20251110,20612119,base+instance_index*10000+algorithm_index*1000+run_index
lin318.tsp,ACS,10,20251110,20612120,base+instance_index*10000+algorithm_index*1000+run_index
lin318.tsp,MMAS,1,20251110,20613111,base+instance_index*10000+algorithm_index*1000+run_index
lin318.tsp,MMAS,2,20251110,20613112,base+instance_index*10000+algorithm_index*1000+run_index
lin318.tsp,MMAS,3,20251110,20613113,base+instance_index*10000+algorithm_index*1000+run_index
lin318.tsp,MMAS,4,20251110,20613114,base+instance_index*10000+algorithm_index*1000+run_index
lin318.tsp,MMAS,5,20251110,20613115,base+instance_index*10000+algorithm_index*1000+run_index
lin318.tsp,MMAS,6,20251110,20613116,base+instance_index*10000+algorithm_index*1000+run_index
lin318.tsp,MMAS,7,20251110,20613117,base+instance_index*10000+algorithm_index*1000+run_index
lin318.tsp,MMAS,8,20251110,20613118,base+instance_index*10000+algorithm_index*1000+run_index
lin318.tsp,MMAS,9,20251110,20613119,base+instance_index*10000+algorithm_index*1000+run_index
lin318.tsp,MMAS,10,20251110,20613120,base+instance_index*10000+algorithm_index*1000+run_index
lin318.tsp,MSA-ACO,1,20251110,20287110,base+instance_index*1000+run_index-1
lin318.tsp,MSA-ACO,2,20251110,20287111,base+instance_index*1000+run_index-1
lin318.tsp,MSA-ACO,3,20251110,20287112,base+instance_index*1000+run_index-1
lin318.tsp,MSA-ACO,4,20251110,20287113,base+instance_index*1000+run_index-1
lin318.tsp,MSA-ACO,5,20251110,20287114,base+instance_index*1000+run_index-1
lin318.tsp,MSA-ACO,6,20251110,20287115,base+instance_index*1000+run_index-1
lin318.tsp,MSA-ACO,7,20251110,20287116,base+instance_index*1000+run_index-1
lin318.tsp,MSA-ACO,8,20251110,20287117,base+instance_index*1000+run_index-1
lin318.tsp,MSA-ACO,9,20251110,20287118,base+instance_index*1000+run_index-1
lin318.tsp,MSA-ACO,10,20251110,20287119,base+instance_index*1000+run_index-1
