TSP,Budget,Algorithm,Run,BestLength,AvgTime(s),BKS,Dev(%),Segment,NumCities,MaxIterations,DistanceType,Seed
ch150.tsp,fixed_1000,GSH-ACO,1,6528.0,25142.414319992065,6528.0,0.0,medium,150,1000,EUC_2D,20283414
ch150.tsp,fixed_1000,GSH-ACO,2,6528.0,26308.575144529343,6528.0,0.0,medium,150,1000,EUC_2D,20283415
ch150.tsp,fixed_1000,GSH-ACO,3,6544.0,25591.60387158394,6528.0,0.24509803921568626,medium,150,1000,EUC_2D,20283416
ch150.tsp,fixed_1000,GSH-ACO,4,6528.0,26841.09983611107,6528.0,0.0,medium,150,1000,EUC_2D,20283417
ch150.tsp,fixed_1000,GSH-ACO,5,6544.0,26342.145451307297,6528.0,0.24509803921568626,medium,150,1000,EUC_2D,20283418
ch150.tsp,fixed_1000,GSH-ACO,6,6551.0,25327.095399856567,6528.0,0.35232843137254904,medium,150,1000,EUC_2D,20283419
ch150.tsp,fixed_1000,GSH-ACO,7,6538.0,26172.88782596588,6528.0,0.15318627450980393,medium,150,1000,EUC_2D,20283420
ch150.tsp,fixed_1000,GSH-ACO,8,6532.0,24313.861379146576,6528.0,0.061274509803921566,medium,150,1000,EUC_2D,20283421
ch150.tsp,fixed_1000,GSH-ACO,9,6551.0,25709.481797218323,6528.0,0.35232843137254904,medium,150,1000,EUC_2D,20283422
ch150.tsp,fixed_1000,GSH-ACO,10,6544.0,25496.272393226624,6528.0,0.24509803921568626,medium,150,1000,EUC_2D,20283423
ch150.tsp,segmented,GSH-ACO,1,6533.0,13138.893272638321,6528.0,0.07659313725490197,medium,150,300,EUC_2D,20283414
ch150.tsp,segmented,GSH-ACO,2,6554.0,13173.00998210907,6528.0,0.39828431372549017,medium,150,300,EUC_2D,20283415
ch150.tsp,segmented,GSH-ACO,3,6543.0,13541.976881504059,6528.0,0.22977941176470587,medium,150,300,EUC_2D,20283416
ch150.tsp,segmented,GSH-ACO,4,6554.0,13181.531115055084,6528.0,0.39828431372549017,medium,150,300,EUC_2D,20283417
ch150.tsp,segmented,GSH-ACO,5,6550.0,13109.239195108414,6528.0,0.33700980392156865,medium,150,300,EUC_2D,20283418
ch150.tsp,segmented,GSH-ACO,6,6532.0,12973.663127183914,6528.0,0.061274509803921566,medium,150,300,EUC_2D,20283419
ch150.tsp,segmented,GSH-ACO,7,6550.0,12948.787494182587,6528.0,0.33700980392156865,medium,150,300,EUC_2D,20283420
ch150.tsp,segmented,GSH-ACO,8,6558.0,12989.373992919922,6528.0,0.45955882352941174,medium,150,300,EUC_2D,20283421
ch150.tsp,segmented,GSH-ACO,9,6548.0,13058.526756286621,6528.0,0.30637254901960786,medium,150,300,EUC_2D,20283422
ch150.tsp,segmented,GSH-ACO,10,6554.0,13060.574599027634,6528.0,0.39828431372549017,medium,150,300,EUC_2D,20283423
eil76.tsp,fixed_1000,GSH-ACO,1,539.0,1572.271980047226,538.0,0.18587360594795538,small,76,1000,EUC_2D,20273414
eil76.tsp,fixed_1000,GSH-ACO,2,538.0,1819.7385530471802,538.0,0.0,small,76,1000,EUC_2D,20273415
eil76.tsp,fixed_1000,GSH-ACO,3,539.0,1744.1461265087128,538.0,0.18587360594795538,small,76,1000,EUC_2D,20273416
eil76.tsp,fixed_1000,GSH-ACO,4,538.0,1802.9093871116638,538.0,0.0,small,76,1000,EUC_2D,20273417
eil76.tsp,fixed_1000,GSH-ACO,5,538.0,1851.7157859802246,538.0,0.0,small,76,1000,EUC_2D,20273418
eil76.tsp,fixed_1000,GSH-ACO,6,538.0,1858.8122549057007,538.0,0.0,small,76,1000,EUC_2D,20273419
eil76.tsp,fixed_1000,GSH-ACO,7,539.0,1768.3262310028076,538.0,0.18587360594795538,small,76,1000,EUC_2D,20273420
eil76.tsp,fixed_1000,GSH-ACO,8,538.0,1845.5480740070343,538.0,0.0,small,76,1000,EUC_2D,20273421
eil76.tsp,fixed_1000,GSH-ACO,9,538.0,1754.7733500003815,538.0,0.0,small,76,1000,EUC_2D,20273422
eil76.tsp,fixed_1000,GSH-ACO,10,538.0,1910.8767728805542,538.0,0.0,small,76,1000,EUC_2D,20273423
eil76.tsp,segmented,GSH-ACO,1,540.0,334.0948386192322,538.0,0.37174721189591076,small,76,150,EUC_2D,20273414
eil76.tsp,segmented,GSH-ACO,2,538.0,269.76134061813354,538.0,0.0,small,76,150,EUC_2D,20273415
eil76.tsp,segmented,GSH-ACO,3,539.0,298.441504240036,538.0,0.18587360594795538,small,76,150,EUC_2D,20273416
eil76.tsp,segmented,GSH-ACO,4,539.0,286.79187631607056,538.0,0.18587360594795538,small,76,150,EUC_2D,20273417
eil76.tsp,segmented,GSH-ACO,5,539.0,331.0367398262024,538.0,0.18587360594795538,small,76,150,EUC_2D,20273418
eil76.tsp,segmented,GSH-ACO,6,538.0,241.2770140171051,538.0,0.0,small,76,150,EUC_2D,20273419
eil76.tsp,segmented,GSH-ACO,7,539.0,260.0013163089752,538.0,0.18587360594795538,small,76,150,EUC_2D,20273420
eil76.tsp,segmented,GSH-ACO,8,538.0,287.29842734336853,538.0,0.0,small,76,150,EUC_2D,20273421
eil76.tsp,segmented,GSH-ACO,9,539.0,314.59611892700195,538.0,0.18587360594795538,small,76,150,EUC_2D,20273422
eil76.tsp,segmented,GSH-ACO,10,538.0,290.4390711784363,538.0,0.0,small,76,150,EUC_2D,20273423
kroA200.tsp,fixed_1000,GSH-ACO,1,29375.0,38130.47349691391,29368.0,0.023835467175156635,large,200,1000,EUC_2D,20293414
kroA200.tsp,fixed_1000,GSH-ACO,2,29406.0,38826.446872234344,29368.0,0.12939253609370743,large,200,1000,EUC_2D,20293415
kroA200.tsp,fixed_1000,GSH-ACO,3,29387.0,38007.609325408936,29368.0,0.06469626804685372,large,200,1000,EUC_2D,20293416
kroA200.tsp,fixed_1000,GSH-ACO,4,29375.0,38217.466374874115,29368.0,0.023835467175156635,large,200,1000,EUC_2D,20293417
kroA200.tsp,fixed_1000,GSH-ACO,5,29387.0,37676.62478232384,29368.0,0.06469626804685372,large,200,1000,EUC_2D,20293418
kroA200.tsp,fixed_1000,GSH-ACO,6,29394.0,38701.476006269455,29368.0,0.08853173522201035,large,200,1000,EUC_2D,20293419
kroA200.tsp,fixed_1000,GSH-ACO,7,29468.0,38400.73327803612,29368.0,0.340506673930809,large,200,1000,EUC_2D,20293420
kroA200.tsp,fixed_1000,GSH-ACO,8,29413.0,37331.39749789238,29368.0,0.15322800326886407,large,200,1000,EUC_2D,20293421
kroA200.tsp,fixed_1000,GSH-ACO,9,29375.0,38532.38529968262,29368.0,0.023835467175156635,large,200,1000,EUC_2D,20293422
kroA200.tsp,fixed_1000,GSH-ACO,10,29375.0,38300.80971622467,29368.0,0.023835467175156635,large,200,1000,EUC_2D,20293423
kroA200.tsp,segmented,GSH-ACO,1,29391.0,27842.66688156128,29368.0,0.07831653500408609,large,200,600,EUC_2D,20293414
kroA200.tsp,segmented,GSH-ACO,2,29448.0,27406.18903541565,29368.0,0.27240533914464726,large,200,600,EUC_2D,20293415
kroA200.tsp,segmented,GSH-ACO,3,29454.0,27383.251875400543,29368.0,0.2928357395804958,large,200,600,EUC_2D,20293416
kroA200.tsp,segmented,GSH-ACO,4,29443.0,27057.098623514175,29368.0,0.2553800054481068,large,200,600,EUC_2D,20293417
kroA200.tsp,segmented,GSH-ACO,5,29401.0,27605.922584295273,29368.0,0.11236720239716698,large,200,600,EUC_2D,20293418
kroA200.tsp,segmented,GSH-ACO,6,29456.0,27336.627024173737,29368.0,0.29964587305911194,large,200,600,EUC_2D,20293419
kroA200.tsp,segmented,GSH-ACO,7,29398.0,27594.314774513245,29368.0,0.10215200217924271,large,200,600,EUC_2D,20293420
kroA200.tsp,segmented,GSH-ACO,8,29398.0,27263.053570508957,29368.0,0.10215200217924271,large,200,600,EUC_2D,20293421
kroA200.tsp,segmented,GSH-ACO,9,29472.0,27631.974272727966,29368.0,0.3541269408880414,large,200,600,EUC_2D,20293422
kroA200.tsp,segmented,GSH-ACO,10,29394.0,27766.907477617264,29368.0,0.08853173522201035,large,200,600,EUC_2D,20293423
ts225.tsp,fixed_1000,GSH-ACO,1,126726.0,61857.88698554039,126643.0,0.06553856115221528,large,225,1000,EUC_2D,20303414
ts225.tsp,fixed_1000,GSH-ACO,2,126726.0,61378.239448070526,126643.0,0.06553856115221528,large,225,1000,EUC_2D,20303415
ts225.tsp,fixed_1000,GSH-ACO,3,126643.0,62134.42474985123,126643.0,0.0,large,225,1000,EUC_2D,20303416
ts225.tsp,fixed_1000,GSH-ACO,4,126643.0,61360.1707174778,126643.0,0.0,large,225,1000,EUC_2D,20303417
ts225.tsp,fixed_1000,GSH-ACO,5,126726.0,61014.09301543236,126643.0,0.06553856115221528,large,225,1000,EUC_2D,20303418
ts225.tsp,fixed_1000,GSH-ACO,6,126726.0,63141.100316524506,126643.0,0.06553856115221528,large,225,1000,EUC_2D,20303419
ts225.tsp,fixed_1000,GSH-ACO,7,126726.0,61852.079538822174,126643.0,0.06553856115221528,large,225,1000,EUC_2D,20303420
ts225.tsp,fixed_1000,GSH-ACO,8,126726.0,62014.21073627472,126643.0,0.06553856115221528,large,225,1000,EUC_2D,20303421
ts225.tsp,fixed_1000,GSH-ACO,9,126726.0,62038.267355918884,126643.0,0.06553856115221528,large,225,1000,EUC_2D,20303422
ts225.tsp,fixed_1000,GSH-ACO,10,126726.0,61092.46172571182,126643.0,0.06553856115221528,large,225,1000,EUC_2D,20303423
ts225.tsp,segmented,GSH-ACO,1,126726.0,41638.67807674408,126643.0,0.06553856115221528,large,225,600,EUC_2D,20303414
ts225.tsp,segmented,GSH-ACO,2,126726.0,42029.73877167702,126643.0,0.06553856115221528,large,225,600,EUC_2D,20303415
ts225.tsp,segmented,GSH-ACO,3,126643.0,41878.987817525864,126643.0,0.0,large,225,600,EUC_2D,20303416
ts225.tsp,segmented,GSH-ACO,4,126726.0,41274.173725128174,126643.0,0.06553856115221528,large,225,600,EUC_2D,20303417
ts225.tsp,segmented,GSH-ACO,5,126758.0,42469.42512845993,126643.0,0.09080644015065972,large,225,600,EUC_2D,20303418
ts225.tsp,segmented,GSH-ACO,6,126726.0,41089.6612637043,126643.0,0.06553856115221528,large,225,600,EUC_2D,20303419
ts225.tsp,segmented,GSH-ACO,7,126643.0,41277.38085627556,126643.0,0.0,large,225,600,EUC_2D,20303420
ts225.tsp,segmented,GSH-ACO,8,126726.0,42278.10067272186,126643.0,0.06553856115221528,large,225,600,EUC_2D,20303421
ts225.tsp,segmented,GSH-ACO,9,126726.0,42249.78028202057,126643.0,0.06553856115221528,large,225,600,EUC_2D,20303422
ts225.tsp,segmented,GSH-ACO,10,126726.0,35978.90135931969,126643.0,0.06553856115221528,large,225,600,EUC_2D,20303423
