"protocol_version","suite","instance","n","distance_type","segment","variant","engine_mode","run","seed","config_hash","best_length","bks","deviation_percent","ga_best_length","timing_valid","path_length_evaluations","distance_lookups","ga_path_evaluations","solver_path_evaluations","three_opt_path_evaluations","tour_constructions","two_opt_calls","two_opt_move_evaluations","two_opt_improvements","three_opt_calls","three_opt_candidate_evaluations","three_opt_improvements","local_search_evaluations","ga_generations","preprocessing_seconds","initialization_seconds","solver_seconds","local_search_seconds","total_seconds","completed_iterations","distance_budget","distance_budget_overshoot","switch_iteration","switch_reason"
"protocol-1.1","ablation","ulysses22.tsp","22","GEO","small","MSA-ACO","hybrid_v4_2","1","20360902","5bf7fdb7b4f06017","7013.0","7013","0.0","7275.000000000001","True","7951","7789842","4200","3751","0","3750","450","220610","1210","150","1122080","95","1342690","27","0.001132400000187772","0.3558850999997958","3.3313484999998764","2.2962465999976303","3.688554600000316","150","0","0","52","entropy_trigger"
"protocol-1.1","ablation","ulysses22.tsp","22","GEO","small","MSA-no-GA-init","hybrid_v4_2","1","20360902","cb3ad1c3701888fd","7013.0","7013","0.0","nan","True","3751","8269184","0","3751","0","3750","450","195769","1010","150","1233931","167","1429700","0","0.0010124999998879503","2.5299999833805487e-05","3.4723550999997315","2.441758799996478","3.473565900000267","150","0","0","52","entropy_trigger"
"protocol-1.1","ablation","ulysses22.tsp","22","GEO","small","MSA-fixed-switch","hybrid_v4_2","1","20360902","61ba92a3430ed643","7013.0","7013","0.0","7275.000000000001","True","7951","7789578","4200","3751","0","3750","450","220544","1208","150","1122080","95","1342624","27","0.0011042999999517633","0.37312500000007276","3.2787572000002","2.251900499999465","3.6531276999999136","150","0","0","60","fixed_control"
"protocol-1.1","ablation","ulysses22.tsp","22","GEO","small","MSA-no-rank","hybrid_v4_2","1","20360902","b0e6bafb1c7ccca0","7013.0","7013","0.0","7275.000000000001","True","7951","7618266","4200","3751","0","3750","450","130676","336","150","1153440","60","1284116","27","0.0012246999999661057","0.3356411999998272","3.3729401999999027","2.287000800001806","3.710029399999712","150","0","0","52","entropy_trigger"
"protocol-1.1","ablation","ulysses22.tsp","22","GEO","small","MSA-no-2opt","hybrid_v4_2","1","20360902","78e723797ccf93fd","7013.0","7013","0.0","7275.000000000001","True","7951","6916582","4200","3751","0","3750","0","0","0","150","1123610","251","1123610","27","0.0010184000002482207","0.33449200000040946","3.047967299999982","1.9882922999986476","3.3836171999996623","150","0","0","54","entropy_trigger"
"protocol-1.1","ablation","ulysses22.tsp","22","GEO","small","MSA-no-3opt","hybrid_v4_2","1","20360902","11ac6c16f7b6eae0","7013.0","7013","0.0","7275.000000000001","True","7951","1161402","4200","3751","0","3750","450","246620","1539","0","0","0","246620","27","0.0012194999999337597","0.3285379999997531","1.3700533999999607","0.3453965000021526","1.7000140000000101","150","0","0","52","entropy_trigger"
"protocol-1.1","ablation","ulysses22.tsp","22","GEO","small","MSA-nonadaptive-3opt","hybrid_v4_2","1","20360902","7a1b9435f1a6bbf1","7013.0","7013","0.0","7275.000000000001","True","7951","7789842","4200","3751","0","3750","450","220610","1210","150","1122080","95","1342690","27","0.0011233000000174798","0.3196375999996235","3.2486573000001044","2.2173742000004495","3.569577300000219","150","0","0","52","entropy_trigger"
"protocol-1.1","ablation","ulysses22.tsp","22","GEO","small","MSA-no-scale-adaptation","hybrid_v4_2","1","20360902","018a8be4c8e2beb7","7013.0","7013","0.0","7275.000000000001","True","7951","7140826","4200","3751","0","3750","450","152364","521","150","1059408","34","1211772","27","0.0010155999998460175","0.3345705000001544","3.1436415000002853","2.090251399997669","3.479376400000092","150","0","0","47","entropy_trigger"
"protocol-1.1","ablation","ulysses22.tsp","22","GEO","small","MSA-ACO","hybrid_v4_2","2","20360903","5bf7fdb7b4f06017","7013.0","7013","0.0","7564.0","True","11551","7322770","7800","3751","0","3750","450","144066","528","150","1082064","47","1226130","51","0.001048200000241195","0.614396299999953","3.251967700000023","2.1729849999996986","3.8675498999996307","150","0","0","47","entropy_trigger"
"protocol-1.1","ablation","ulysses22.tsp","22","GEO","small","MSA-no-GA-init","hybrid_v4_2","2","20360903","cb3ad1c3701888fd","7013.0","7013","0.0","nan","True","3751","7827976","0","3751","0","3750","450","232560","1300","150","1135869","91","1368429","0","0.0011924000000362867","2.859999995052931e-05","3.7055936000001566","2.552501900001971","3.707127899999705","150","0","0","53","entropy_trigger"
"protocol-1.1","ablation","ulysses22.tsp","22","GEO","small","MSA-fixed-switch","hybrid_v4_2","2","20360903","61ba92a3430ed643","7013.0","7013","0.0","7564.0","True","11551","7322982","7800","3751","0","3750","450","144119","528","150","1082064","47","1226183","51","0.0013874999999643478","0.8008585000002313","3.648612999999841","2.4497210000031373","4.4511099000001195","150","0","0","60","fixed_control"
"protocol-1.1","ablation","ulysses22.tsp","22","GEO","small","MSA-no-rank","hybrid_v4_2","2","20360903","b0e6bafb1c7ccca0","7013.0","7013","0.0","7564.0","True","11551","6897490","7800","3751","0","3750","450","124806","307","150","1024024","10","1148830","51","0.0012385999998514308","0.6179238999998233","3.0217648999996527","1.9901027999981125","3.6411369000002196","150","0","0","47","entropy_trigger"
"protocol-1.1","ablation","ulysses22.tsp","22","GEO","small","MSA-no-2opt","hybrid_v4_2","2","20360903","78e723797ccf93fd","7013.0","7013","0.0","7564.0","True","11551","6944446","7800","3751","0","3750","0","0","0","150","1115054","244","1115054","51","0.0012313000001995533","0.6039112999997087","3.1727952999999616","2.0713645000014367","3.7781409999997777","150","0","0","47","entropy_trigger"
"protocol-1.1","ablation","ulysses22.tsp","22","GEO","small","MSA-no-3opt","hybrid_v4_2","2","20360903","11ac6c16f7b6eae0","7013.0","7013","0.0","7564.0","True","11551","830874","7800","3751","0","3750","450","144188","587","0","0","0","144188","51","0.0020360999997137696","0.9140684999997575","1.6104956000003767","0.26772970000274654","2.527027099999941","150","0","0","47","entropy_trigger"
"protocol-1.1","ablation","ulysses22.tsp","22","GEO","small","MSA-nonadaptive-3opt","hybrid_v4_2","2","20360903","7a1b9435f1a6bbf1","7013.0","7013","0.0","7564.0","True","11551","7322770","7800","3751","0","3750","450","144066","528","150","1082064","47","1226130","51","0.0013352999999369786","0.8304837999999108","3.538075200000094","2.3447295000009944","4.370095499999934","150","0","0","47","entropy_trigger"
"protocol-1.1","ablation","ulysses22.tsp","22","GEO","small","MSA-no-scale-adaptation","hybrid_v4_2","2","20360903","018a8be4c8e2beb7","7013.0","7013","0.0","7564.0","True","11551","8157082","7800","3751","0","3750","450","229866","1393","150","1163916","159","1393782","51","0.0015914999999040447","0.7680590999998458","3.5240552000000207","2.4713410000017575","4.293874999999844","150","0","0","56","entropy_trigger"
"protocol-1.1","ablation","ulysses22.tsp","22","GEO","small","MSA-ACO","hybrid_v4_2","3","20360904","5bf7fdb7b4f06017","7013.0","7013","0.0","7082.999999999999","True","7951","7248172","4200","3751","0","3750","450","172593","766","150","1063813","33","1236406","27","0.0011113999998997315","0.3209119000002829","3.1564900000003036","2.111848500004726","3.4786896999999044","150","0","0","56","entropy_trigger"
"protocol-1.1","ablation","ulysses22.tsp","22","GEO","small","MSA-no-GA-init","hybrid_v4_2","3","20360904","cb3ad1c3701888fd","7013.0","7013","0.0","nan","True","3751","7126336","0","3751","0","3750","450","156999","626","150","1069303","36","1226302","0","0.0013509000000340166","1.75999998646148e-05","3.079124200000024","2.0659189999969385","3.0806500999997297","150","0","0","52","entropy_trigger"
"protocol-1.1","ablation","ulysses22.tsp","22","GEO","small","MSA-fixed-switch","hybrid_v4_2","3","20360904","61ba92a3430ed643","7013.0","7013","0.0","7082.999999999999","True","7951","7245900","4200","3751","0","3750","450","172025","763","150","1063813","33","1235838","27","0.0010056999999505933","0.3192368999998507","3.0448801000002277","2.0555859999958557","3.3652781000000687","150","0","0","60","fixed_control"
"protocol-1.1","ablation","ulysses22.tsp","22","GEO","small","MSA-no-rank","hybrid_v4_2","3","20360904","b0e6bafb1c7ccca0","7013.0","7013","0.0","7082.999999999999","True","7951","7199162","4200","3751","0","3750","450","136594","421","150","1079644","39","1216238","27","0.0010441999997965468","0.31690789999993285","3.024736600000324","2.030851599995003","3.3428344999997535","150","0","0","54","entropy_trigger"
"protocol-1.1","ablation","ulysses22.tsp","22","GEO","small","MSA-no-2opt","hybrid_v4_2","3","20360904","78e723797ccf93fd","7013.0","7013","0.0","7082.999999999999","True","7951","7150696","4200","3751","0","3750","0","0","0","150","1162629","269","1162629","27","0.0011185999996996543","0.3450542000000496","3.0667851000002884","2.0288828000029753","3.4131577000002835","150","0","0","50","entropy_trigger"
"protocol-1.1","ablation","ulysses22.tsp","22","GEO","small","MSA-no-3opt","hybrid_v4_2","3","20360904","11ac6c16f7b6eae0","7013.0","7013","0.0","7082.999999999999","True","7951","989190","4200","3751","0","3750","450","203567","1118","0","0","0","203567","27","0.0010123999995812483","0.3169677999999294","1.2796541000002435","0.28507800000124917","1.5977963999998792","150","0","0","56","entropy_trigger"
"protocol-1.1","ablation","ulysses22.tsp","22","GEO","small","MSA-nonadaptive-3opt","hybrid_v4_2","3","20360904","7a1b9435f1a6bbf1","7013.0","7013","0.0","7082.999999999999","True","7951","7248172","4200","3751","0","3750","450","172593","766","150","1063813","33","1236406","27","0.0013573999999607622","0.32183810000015","3.1186287000000448","2.079512599998907","3.442050399999971","150","0","0","56","entropy_trigger"
"protocol-1.1","ablation","ulysses22.tsp","22","GEO","small","MSA-no-scale-adaptation","hybrid_v4_2","3","20360904","018a8be4c8e2beb7","7013.0","7013","0.0","7082.999999999999","True","7951","7351110","4200","3751","0","3750","450","158531","696","150","1090344","59","1248875","27","0.0017269999998461572","0.36274660000026415","3.365098300000227","2.257407799998873","3.730111500000021","150","0","0","55","entropy_trigger"
"protocol-1.1","ablation","ulysses22.tsp","22","GEO","small","MSA-ACO","hybrid_v4_2","4","20360905","5bf7fdb7b4f06017","7013.0","7013","0.0","7196.999999999999","True","8551","7294164","4800","3751","0","3750","450","170222","742","150","1070859","65","1241081","31","0.0019206000001759094","0.4022044999996979","3.202892100000099","2.1523787999981323","3.607263999999759","150","0","0","52","entropy_trigger"
"protocol-1.1","ablation","ulysses22.tsp","22","GEO","small","MSA-no-GA-init","hybrid_v4_2","4","20360905","cb3ad1c3701888fd","7013.0","7013","0.0","nan","True","3751","7283516","0","3751","0","3750","450","164788","664","150","1090307","49","1255095","0","0.0010024000002886169","1.52000002344721e-05","3.248668500000349","2.2011233000012","3.2498343000002023","150","0","0","56","entropy_trigger"
"protocol-1.1","ablation","ulysses22.tsp","22","GEO","small","MSA-fixed-switch","hybrid_v4_2","4","20360905","61ba92a3430ed643","7013.0","7013","0.0","7196.999999999999","True","8551","7296788","4800","3751","0","3750","450","170878","749","150","1070859","65","1241737","31","0.0013991000000714848","0.3986974000004011","3.4129815999999664","2.279411399997116","3.8134570000001986","150","0","0","60","fixed_control"
"protocol-1.1","ablation","ulysses22.tsp","22","GEO","small","MSA-no-rank","hybrid_v4_2","4","20360905","b0e6bafb1c7ccca0","7013.0","7013","0.0","7196.999999999999","True","8551","7112580","4800","3751","0","3750","450","133175","415","150","1065293","36","1198468","31","0.00140510000028371","0.44435050000038245","4.107929100000092","2.7114448000006632","4.554021299999931","150","0","0","52","entropy_trigger"
"protocol-1.1","ablation","ulysses22.tsp","22","GEO","small","MSA-no-2opt","hybrid_v4_2","4","20360905","78e723797ccf93fd","7013.0","7013","0.0","7196.999999999999","True","8551","7192300","4800","3751","0","3750","0","0","0","150","1167363","326","1167363","31","0.0013389000000643136","0.41460609999967346","3.33307829999967","2.2144241000014517","3.749180499999966","150","0","0","53","entropy_trigger"
"protocol-1.1","ablation","ulysses22.tsp","22","GEO","small","MSA-no-3opt","hybrid_v4_2","4","20360905","11ac6c16f7b6eae0","7013.0","7013","0.0","7196.999999999999","True","8551","768310","4800","3751","0","3750","450","145047","521","0","0","0","145047","31","0.0013264999997772975","0.3859084000000621","1.2685303999996904","0.21816499999840744","1.6560069000001931","150","0","0","52","entropy_trigger"
"protocol-1.1","ablation","ulysses22.tsp","22","GEO","small","MSA-nonadaptive-3opt","hybrid_v4_2","4","20360905","7a1b9435f1a6bbf1","7013.0","7013","0.0","7196.999999999999","True","8551","7294164","4800","3751","0","3750","450","170222","742","150","1070859","65","1241081","31","0.001380199999857723","0.38296489999993355","3.1230342000003475","2.0892497000008916","3.5075308999998924","150","0","0","52","entropy_trigger"
"protocol-1.1","ablation","ulysses22.tsp","22","GEO","small","MSA-no-scale-adaptation","hybrid_v4_2","4","20360905","018a8be4c8e2beb7","7013.0","7013","0.0","7196.999999999999","True","8551","7126502","4800","3751","0","3750","450","163396","659","150","1047466","23","1210862","31","0.001359899999897607","0.37545330000011745","3.12029130000019","2.0767713000013828","3.497291900000164","150","0","0","55","entropy_trigger"
"protocol-1.1","ablation","ulysses22.tsp","22","GEO","small","MSA-ACO","hybrid_v4_2","5","20360906","5bf7fdb7b4f06017","7013.0","7013","0.0","7156.0","True","9151","7272854","5400","3751","0","3750","450","144256","490","150","1082418","38","1226674","35","0.0011309999999866704","0.4246398999998746","3.2580189000000246","2.1795060000004014","3.683949300000222","150","0","0","52","entropy_trigger"
"protocol-1.1","ablation","ulysses22.tsp","22","GEO","small","MSA-no-GA-init","hybrid_v4_2","5","20360906","cb3ad1c3701888fd","7013.0","7013","0.0","nan","True","3751","7743756","0","3751","0","3750","450","203033","1094","150","1141517","113","1344550","0","0.001325600000200211","1.52000002344721e-05","3.5715822000001936","2.4623296999998274","3.573071499999969","150","0","0","51","entropy_trigger"
"protocol-1.1","ablation","ulysses22.tsp","22","GEO","small","MSA-fixed-switch","hybrid_v4_2","5","20360906","61ba92a3430ed643","7013.0","7013","0.0","7156.0","True","9151","7272638","5400","3751","0","3750","450","144202","488","150","1082418","38","1226620","35","0.0011436999998295505","0.4182246000000305","3.0937041000001955","2.0795007000037913","3.513227899999947","150","0","0","60","fixed_control"
"protocol-1.1","ablation","ulysses22.tsp","22","GEO","small","MSA-no-rank","hybrid_v4_2","5","20360906","b0e6bafb1c7ccca0","7013.0","7013","0.0","7156.0","True","9151","7121244","5400","3751","0","3750","450","134720","396","150","1063507","23","1198227","35","0.0010455999999976484","0.4104271000001063","3.1050500999999713","2.0646014000017203","3.516666399999849","150","0","0","52","entropy_trigger"
"protocol-1.1","ablation","ulysses22.tsp","22","GEO","small","MSA-no-2opt","hybrid_v4_2","5","20360906","78e723797ccf93fd","7013.0","7013","0.0","7156.0","True","9151","6759796","5400","3751","0","3750","0","0","0","150","1093079","191","1093079","35","0.0010790999999699125","0.4118313999997554","2.974819000000025","1.9293973000021651","3.3878819999999905","150","0","0","53","entropy_trigger"
"protocol-1.1","ablation","ulysses22.tsp","22","GEO","small","MSA-no-3opt","hybrid_v4_2","5","20360906","11ac6c16f7b6eae0","7013.0","7013","0.0","7156.0","True","9151","754102","5400","3751","0","3750","450","138195","433","0","0","0","138195","35","0.0014240000000427244","0.4422276000000238","1.2447734000002129","0.205783099999735","1.6887348000000202","150","0","0","52","entropy_trigger"
"protocol-1.1","ablation","ulysses22.tsp","22","GEO","small","MSA-nonadaptive-3opt","hybrid_v4_2","5","20360906","7a1b9435f1a6bbf1","7013.0","7013","0.0","7156.0","True","9151","7272854","5400","3751","0","3750","450","144256","490","150","1082418","38","1226674","35","0.0012829000002057","0.4237468999999692","3.06181880000031","2.0393260000005284","3.4871643999999833","150","0","0","52","entropy_trigger"
"protocol-1.1","ablation","ulysses22.tsp","22","GEO","small","MSA-no-scale-adaptation","hybrid_v4_2","5","20360906","018a8be4c8e2beb7","7013.0","7013","0.0","7156.0","True","9151","7806506","5400","3751","0","3750","450","178945","816","150","1148234","90","1327179","35","0.0017502000000604312","0.46010870000009163","3.304693699999916","2.2727045000019643","3.7672483000001193","150","0","0","53","entropy_trigger"
"protocol-1.1","ablation","st70.tsp","70","EUC_2D","small","MSA-ACO","hybrid_v4_2","1","20460902","8fd7abf883be1469","676.0","675","0.14814814814814814","756.0","True","15001","92140376","6600","8401","0","8400","900","3701326","7411","150","12714167","407","16415493","43","0.003984800000125688","1.3211217999996734","34.101536600000145","26.634268600000723","35.426847499999894","150","0","0","57","entropy_trigger"
"protocol-1.1","ablation","st70.tsp","70","EUC_2D","small","MSA-no-GA-init","hybrid_v4_2","1","20460902","209b244a55c84f3f","675.0","675","0.0","nan","True","8401","94536114","0","8401","0","8400","900","3479474","6939","150","13338358","425","16817832","0","0.005214899999828049","0.00010999999994965037","34.55002190000005","27.152745599997615","34.55577429999994","150","0","0","51","entropy_trigger"
"protocol-1.1","ablation","st70.tsp","70","EUC_2D","small","MSA-fixed-switch","hybrid_v4_2","1","20460902","d760a429192ff2bb","676.0","675","0.14814814814814814","756.0","True","15001","95869936","6600","8401","0","8400","900","3522300","6965","150","13455111","433","16977411","43","0.0035081999999420077","1.2920674999995754","36.82098750000023","29.057881300003828","38.11674619999985","150","0","0","60","fixed_control"
"protocol-1.1","ablation","st70.tsp","70","EUC_2D","small","MSA-no-rank","hybrid_v4_2","1","20460902","c2d5982340a1ff16","676.0","675","0.14814814814814814","756.0","True","15001","79973244","6600","8401","0","8400","900","2357159","4170","150","11582423","274","13939582","43","0.0035306999998283572","1.3600357999998778","30.13128209999968","22.683457599996927","31.495059500000025","150","0","0","56","entropy_trigger"
"protocol-1.1","ablation","st70.tsp","70","EUC_2D","small","MSA-no-2opt","hybrid_v4_2","1","20460902","e6cb877b166801a7","675.0","675","0.0","756.0","True","15001","98731618","6600","8401","0","8400","0","0","0","150","16280258","1680","16280258","43","0.0040945999999166816","1.361386400000356","34.68851739999991","27.210329399999864","36.05429959999992","150","0","0","56","entropy_trigger"
"protocol-1.1","ablation","st70.tsp","70","EUC_2D","small","MSA-no-3opt","hybrid_v4_2","1","20460902","508d42c14f92186e","677.0","675","0.2962962962962963","756.0","True","15001","11275662","6600","8401","0","8400","900","2556398","4482","0","0","0","2556398","43","0.0033860999997159524","1.316847599999619","11.087356400000317","3.6134986999986722","12.407754300000306","150","0","0","51","entropy_trigger"
"protocol-1.1","ablation","st70.tsp","70","EUC_2D","small","MSA-nonadaptive-3opt","hybrid_v4_2","1","20460902","fdcd042d593ef3bc","676.0","675","0.14814814814814814","756.0","True","15001","92140376","6600","8401","0","8400","900","3701326","7411","150","12714167","407","16415493","43","0.0034184999999524734","1.3141574999999648","35.39451659999986","27.348835100001452","36.712265500000285","150","0","0","57","entropy_trigger"
"protocol-1.1","ablation","st70.tsp","70","EUC_2D","small","MSA-no-scale-adaptation","hybrid_v4_2","1","20460902","62510519189f2744","676.0","675","0.14814814814814814","756.0","True","15001","79752958","6600","8401","0","8400","900","2523855","4506","150","11434578","286","13958433","43","0.0032520999998268962","1.3457416999999623","31.99662980000039","24.108315000001767","33.34581460000027","150","0","0","54","entropy_trigger"
"protocol-1.1","ablation","st70.tsp","70","EUC_2D","small","MSA-ACO","hybrid_v4_2","2","20460903","8fd7abf883be1469","675.0","675","0.0","736.0","True","15151","89059508","6750","8401","0","8400","900","3176332","6159","150","12548935","377","15725267","44","0.003626300000178162","1.40866189999997","33.682762399999774","26.06766389999939","35.095272699999896","150","0","0","58","entropy_trigger"
"protocol-1.1","ablation","st70.tsp","70","EUC_2D","small","MSA-no-GA-init","hybrid_v4_2","2","20460903","209b244a55c84f3f","675.0","675","0.0","nan","True","8401","92759260","0","8401","0","8400","900","3563001","7160","150","12986531","421","16549532","0","0.0034370999997008767","2.9299999823706457e-05","34.743992199999866","27.112359900000683","34.747691399999894","150","0","0","57","entropy_trigger"
"protocol-1.1","ablation","st70.tsp","70","EUC_2D","small","MSA-fixed-switch","hybrid_v4_2","2","20460903","d760a429192ff2bb","675.0","675","0.0","736.0","True","15151","85984280","6750","8401","0","8400","900","2767903","5195","150","12308683","355","15076586","44","0.003418500000407221","1.4240591999996468","34.028636500000175","25.961526500001582","35.45628660000011","150","0","0","60","fixed_control"
"protocol-1.1","ablation","st70.tsp","70","EUC_2D","small","MSA-no-rank","hybrid_v4_2","2","20460903","c2d5982340a1ff16","676.0","675","0.14814814814814814","736.0","True","15151","79718124","6750","8401","0","8400","900","1956641","3080","150","11805165","310","13761806","44","0.0036531999999169784","1.3364857000001393","30.85381849999976","23.052492600003006","32.19417969999995","150","0","0","47","entropy_trigger"
"protocol-1.1","ablation","st70.tsp","70","EUC_2D","small","MSA-no-2opt","hybrid_v4_2","2","20460903","e6cb877b166801a7","676.0","675","0.14814814814814814","736.0","True","15151","93646690","6750","8401","0","8400","0","0","0","150","15431020","1465","15431020","44","0.0031935000001794833","1.3378356000002896","33.210297900000114","25.78942139999981","34.55149309999979","150","0","0","62","entropy_trigger"
"protocol-1.1","ablation","st70.tsp","70","EUC_2D","small","MSA-no-3opt","hybrid_v4_2","2","20460903","508d42c14f92186e","678.0","675","0.4444444444444444","736.0","True","15151","11819778","6750","8401","0","8400","900","2689802","4918","0","0","0","2689802","44","0.003305400000044756","1.3775961999999708","11.209155700000338","3.7867199000020264","12.590235600000142","150","0","0","54","entropy_trigger"
"protocol-1.1","ablation","st70.tsp","70","EUC_2D","small","MSA-nonadaptive-3opt","hybrid_v4_2","2","20460903","fdcd042d593ef3bc","675.0","675","0.0","736.0","True","15151","89059508","6750","8401","0","8400","900","3176332","6159","150","12548935","377","15725267","44","0.0035726000000977365","1.4168706000000384","32.30050990000018","24.84912210000266","33.72127180000007","150","0","0","58","entropy_trigger"
"protocol-1.1","ablation","st70.tsp","70","EUC_2D","small","MSA-no-scale-adaptation","hybrid_v4_2","2","20460903","62510519189f2744","675.0","675","0.0","736.0","True","15151","94631994","6750","8401","0","8400","900","3812231","7717","150","13053750","428","16865981","44","0.003242599999794038","1.3636729999998352","35.85895440000013","28.084116799995627","37.22602780000034","150","0","0","47","entropy_trigger"
"protocol-1.1","ablation","st70.tsp","70","EUC_2D","small","MSA-ACO","hybrid_v4_2","3","20460904","8fd7abf883be1469","675.0","675","0.0","788.0000000000001","True","14551","93382712","6150","8401","0","8400","900","3803938","7742","150","12858065","424","16662003","40","0.0035147000003235007","1.2690178999996533","35.05158100000017","27.411306499999682","36.32431439999982","150","0","0","53","entropy_trigger"
"protocol-1.1","ablation","st70.tsp","70","EUC_2D","small","MSA-no-GA-init","hybrid_v4_2","3","20460904","209b244a55c84f3f","675.0","675","0.0","nan","True","8401","87412912","0","8401","0","8400","900","2899524","5485","150","12537791","356","15437315","0","0.0038494999998874846","2.2199999875738285e-05","32.87308230000008","25.341665400002057","32.87730469999997","150","0","0","51","entropy_trigger"
"protocol-1.1","ablation","st70.tsp","70","EUC_2D","small","MSA-fixed-switch","hybrid_v4_2","3","20460904","d760a429192ff2bb","676.0","675","0.14814814814814814","788.0000000000001","True","14551","87804220","6150","8401","0","8400","900","3047265","5634","150","12432765","384","15480030","40","0.0030938999998397776","1.211487699999907","32.937089900000046","25.44018720000031","34.15182360000017","150","0","0","60","fixed_control"
"protocol-1.1","ablation","st70.tsp","70","EUC_2D","small","MSA-no-rank","hybrid_v4_2","3","20460904","c2d5982340a1ff16","675.0","675","0.0","788.0000000000001","True","14551","91938710","6150","8401","0","8400","900","2867038","5264","150","13241998","425","16109036","40","0.004846900000302412","1.3339445000001433","34.02363890000015","26.486554099998557","35.36315599999989","150","0","0","48","entropy_trigger"
"protocol-1.1","ablation","st70.tsp","70","EUC_2D","small","MSA-no-2opt","hybrid_v4_2","3","20460904","e6cb877b166801a7","676.0","675","0.14814814814814814","788.0000000000001","True","14551","95554768","6150","8401","0","8400","0","0","0","150","15756033","1479","15756033","40","0.0032832000001690176","1.262556499999846","34.45477790000041","26.876104900002247","35.72077959999979","150","0","0","53","entropy_trigger"
"protocol-1.1","ablation","st70.tsp","70","EUC_2D","small","MSA-no-3opt","hybrid_v4_2","3","20460904","508d42c14f92186e","676.0","675","0.14814814814814814","788.0000000000001","True","14551","12317686","6150","8401","0","8400","900","2824779","5203","0","0","0","2824779","40","0.0038765000003877503","1.2773412000001372","11.51842889999989","4.018449399999554","12.800106600000163","150","0","0","54","entropy_trigger"
"protocol-1.1","ablation","st70.tsp","70","EUC_2D","small","MSA-nonadaptive-3opt","hybrid_v4_2","3","20460904","fdcd042d593ef3bc","675.0","675","0.0","788.0000000000001","True","14551","93382712","6150","8401","0","8400","900","3803938","7742","150","12858065","424","16662003","40","0.004325200000039331","1.2273595999999998","34.07398579999972","26.52878520000513","35.305960199999845","150","0","0","53","entropy_trigger"
"protocol-1.1","ablation","st70.tsp","70","EUC_2D","small","MSA-no-scale-adaptation","hybrid_v4_2","3","20460904","62510519189f2744","675.0","675","0.0","788.0000000000001","True","14551","77832226","6150","8401","0","8400","900","2668794","4749","150","11023080","267","13691874","40","0.004165400000147201","1.2228076000001238","30.249396199999865","22.552016699999967","31.476571299999705","150","0","0","52","entropy_trigger"
"protocol-1.1","ablation","st70.tsp","70","EUC_2D","small","MSA-ACO","hybrid_v4_2","4","20460905","8fd7abf883be1469","676.0","675","0.14814814814814814","784.0000000000001","True","11551","77881496","3150","8401","0","8400","900","2545756","4416","150","11148317","291","13694073","20","0.0034004999997705454","0.6554421999999249","31.292982500000107","23.42931500000259","31.952002500000162","150","0","0","47","entropy_trigger"
"protocol-1.1","ablation","st70.tsp","70","EUC_2D","small","MSA-no-GA-init","hybrid_v4_2","4","20460905","209b244a55c84f3f","676.0","675","0.14814814814814814","nan","True","8401","77816564","0","8401","0","8400","900","2410831","4268","150","11264195","300","13675026","0","0.0035316000003149384","9.069999987332267e-05","30.346606099999917","22.768975699997554","30.35075400000005","150","0","0","50","entropy_trigger"
"protocol-1.1","ablation","st70.tsp","70","EUC_2D","small","MSA-fixed-switch","hybrid_v4_2","4","20460905","d760a429192ff2bb","675.0","675","0.0","784.0000000000001","True","11551","98790320","3150","8401","0","8400","900","3749683","7612","150","13830503","510","17580186","20","0.003680100000110542","0.6054997000001094","35.4623517","28.149094299999433","36.07173920000014","150","0","0","60","fixed_control"
"protocol-1.1","ablation","st70.tsp","70","EUC_2D","small","MSA-no-rank","hybrid_v4_2","4","20460905","c2d5982340a1ff16","676.0","675","0.14814814814814814","784.0000000000001","True","11551","87966540","3150","8401","0","8400","900","3044465","5832","150","12496685","383","15541150","20","0.0033127000001513807","0.6009250000001884","32.72291340000038","25.25993100000096","33.327309199999945","150","0","0","49","entropy_trigger"
"protocol-1.1","ablation","st70.tsp","70","EUC_2D","small","MSA-no-2opt","hybrid_v4_2","4","20460905","e6cb877b166801a7","675.0","675","0.0","784.0000000000001","True","11551","91932682","3150","8401","0","8400","0","0","0","150","15187352","1382","15187352","20","0.0030962999999246676","0.6126741000002767","33.00064819999989","25.485242000001563","33.61657770000011","150","0","0","57","entropy_trigger"
"protocol-1.1","ablation","st70.tsp","70","EUC_2D","small","MSA-no-3opt","hybrid_v4_2","4","20460905","508d42c14f92186e","677.0","675","0.2962962962962963","784.0000000000001","True","11551","12306530","3150","8401","0","8400","900","2874490","5306","0","0","0","2874490","20","0.0035778000001300825","0.6405845999997837","11.368943599999966","3.991995900002621","12.0138093999999","150","0","0","58","entropy_trigger"
"protocol-1.1","ablation","st70.tsp","70","EUC_2D","small","MSA-nonadaptive-3opt","hybrid_v4_2","4","20460905","fdcd042d593ef3bc","676.0","675","0.14814814814814814","784.0000000000001","True","11551","77881496","3150","8401","0","8400","900","2545756","4416","150","11148317","291","13694073","20","0.0033993000001828477","0.6024081000000479","28.937777799999367","21.534165500002928","29.543945299999905","150","0","0","47","entropy_trigger"
"protocol-1.1","ablation","st70.tsp","70","EUC_2D","small","MSA-no-scale-adaptation","hybrid_v4_2","4","20460905","62510519189f2744","675.0","675","0.0","784.0000000000001","True","11551","84368636","3150","8401","0","8400","900","2983996","5569","150","11937347","369","14921343","20","0.0038195999995878083","0.6100605000001451","33.58459740000035","25.70914570000059","34.198778400000265","150","0","0","49","entropy_trigger"
"protocol-1.1","ablation","st70.tsp","70","EUC_2D","small","MSA-ACO","hybrid_v4_2","5","20460906","8fd7abf883be1469","680.0","675","0.7407407407407408","736.0","True","14101","75392466","5700","8401","0","8400","900","2452769","4262","150","10765720","234","13218489","37","0.007037499999569263","1.117218700000194","29.606321500000377","21.95707260000563","30.730919800000265","150","0","0","52","entropy_trigger"
"protocol-1.1","ablation","st70.tsp","70","EUC_2D","small","MSA-no-GA-init","hybrid_v4_2","5","20460906","209b244a55c84f3f","677.0","675","0.2962962962962963","nan","True","8401","85750452","0","8401","0","8400","900","2892497","5406","150","12265399","359","15157896","0","0.003287600000476232","2.89999998130952e-05","31.98372819999986","24.545367499993517","31.987233500000002","150","0","0","62","entropy_trigger"
"protocol-1.1","ablation","st70.tsp","70","EUC_2D","small","MSA-fixed-switch","hybrid_v4_2","5","20460906","d760a429192ff2bb","680.0","675","0.7407407407407408","736.0","True","14101","96297452","5700","8401","0","8400","900","3640987","7170","150","13457739","373","17098726","37","0.0034941000003527733","1.1539118000000599","34.827168800000436","27.45481459999155","35.98478979999982","150","0","0","60","fixed_control"
"protocol-1.1","ablation","st70.tsp","70","EUC_2D","small","MSA-no-rank","hybrid_v4_2","5","20460906","c2d5982340a1ff16","678.0","675","0.4444444444444444","736.0","True","14101","68489100","5700","8401","0","8400","900","2346110","4020","150","9686265","187","12032375","37","0.003902600000401435","1.6466322000005675","28.696856400000797","20.955980600004295","30.347646299999724","150","0","0","52","entropy_trigger"
"protocol-1.1","ablation","st70.tsp","70","EUC_2D","small","MSA-no-2opt","hybrid_v4_2","5","20460906","e6cb877b166801a7","675.0","675","0.0","736.0","True","14101","102339238","5700","8401","0","8400","0","0","0","150","16892028","1544","16892028","37","0.0037698999994972837","1.1523585999993884","35.26834439999948","27.878955800006224","36.4246648999997","150","0","0","57","entropy_trigger"
"protocol-1.1","ablation","st70.tsp","70","EUC_2D","small","MSA-no-3opt","hybrid_v4_2","5","20460906","508d42c14f92186e","675.0","675","0.0","736.0","True","14101","13969682","5700","8401","0","8400","900","3245653","6298","0","0","0","3245653","37","0.003462799999397248","1.1327494999995906","11.805713199999445","4.482487099999162","12.942114100000254","150","0","0","58","entropy_trigger"
"protocol-1.1","ablation","st70.tsp","70","EUC_2D","small","MSA-nonadaptive-3opt","hybrid_v4_2","5","20460906","fdcd042d593ef3bc","680.0","675","0.7407407407407408","736.0","True","14101","75392466","5700","8401","0","8400","900","2452769","4262","150","10765720","234","13218489","37","0.0035296000005473616","1.1280256000000008","28.17192780000005","20.766396500006522","29.303650199999538","150","0","0","52","entropy_trigger"
"protocol-1.1","ablation","st70.tsp","70","EUC_2D","small","MSA-no-scale-adaptation","hybrid_v4_2","5","20460906","62510519189f2744","675.0","675","0.0","736.0","True","14101","95209782","5700","8401","0","8400","900","3529382","7245","150","13350864","388","16880246","37","0.0032463999996252824","1.1490082000000257","34.384879600000204","27.02562100000432","35.537305200000446","150","0","0","60","entropy_trigger"
"protocol-1.1","ablation","kroC100.tsp","100","EUC_2D","small","MSA-ACO","hybrid_v4_2","1","20560902","06d8b74293ac6ef6","20749.0","20749","0.0","23011.0","True","28351","359865812","4350","24001","0","24000","2400","6802630","7396","600","54970032","507","61772662","28","0.00733829999990121","1.1916520000004311","132.4902388999999","101.70778100000734","133.69040369999948","300","0","0","77","entropy_trigger"
"protocol-1.1","ablation","kroC100.tsp","100","EUC_2D","small","MSA-no-GA-init","hybrid_v4_2","1","20560902","6ac39e78a5aef412","20749.0","20749","0.0","nan","True","24001","364342238","0","24001","0","24000","2400","7106737","8018","600","55585865","561","62692602","0","0.007263700000294193","6.149999990157085e-05","137.89716640000006","105.85332270000254","137.90489669999988","300","0","0","77","entropy_trigger"
"protocol-1.1","ablation","kroC100.tsp","100","EUC_2D","small","MSA-fixed-switch","hybrid_v4_2","1","20560902","ae993fda1af22cd9","20749.0","20749","0.0","23011.0","True","28351","446912920","4350","24001","0","24000","2400","8920257","11048","600","68066132","875","76986389","28","0.007323300000280142","1.3682588000001488","158.2614136000002","127.26467170000251","159.6372548999998","300","0","0","105","fixed_control"
"protocol-1.1","ablation","kroC100.tsp","100","EUC_2D","small","MSA-no-rank","hybrid_v4_2","1","20560902","c254bf082018ce29","20749.0","20749","0.0","23011.0","True","28351","361299878","4350","24001","0","24000","2400","8511670","9446","600","54069683","448","62581353","28","0.007379699999546574","1.1893331000001126","136.7524814999997","105.30171620000237","137.9494790000008","300","0","0","77","entropy_trigger"
"protocol-1.1","ablation","kroC100.tsp","100","EUC_2D","small","MSA-no-2opt","hybrid_v4_2","1","20560902","a76e8cd0b0af7fbf","20749.0","20749","0.0","23011.0","True","28351","430831570","4350","24001","0","24000","0","0","0","600","71332745","3343","71332745","28","0.007471699999769044","1.2233205000002272","152.38933089999955","120.78727890000482","153.6203404000007","300","0","0","86","entropy_trigger"
"protocol-1.1","ablation","kroC100.tsp","100","EUC_2D","small","MSA-no-3opt","hybrid_v4_2","1","20560902","3350416354f41c33","20749.0","20749","0.0","23011.0","True","28351","33437396","4350","24001","0","24000","2400","7650574","8424","0","0","0","7650574","28","0.007158899999922141","1.2064956000003804","42.981079999999565","11.263140400003977","44.195180800000344","300","0","0","91","entropy_trigger"
"protocol-1.1","ablation","kroC100.tsp","100","EUC_2D","small","MSA-nonadaptive-3opt","hybrid_v4_2","1","20560902","a7c41bfde6bdcb3b","20749.0","20749","0.0","23011.0","True","28351","359865812","4350","24001","0","24000","2400","6802630","7396","600","54970032","507","61772662","28","0.008070199999565375","1.2274842999995599","131.81090770000083","100.3398471999999","133.04677459999948","300","0","0","77","entropy_trigger"
"protocol-1.1","ablation","kroC100.tsp","100","EUC_2D","small","MSA-no-scale-adaptation","hybrid_v4_2","1","20560902","23e6f34c76eaf7d1","20749.0","20749","0.0","23011.0","True","28351","361776644","4350","24001","0","24000","2400","6907207","7245","600","55218786","558","62125993","28","0.007838900000024296","1.4890660000000935","136.73383159999958","105.1085471999977","138.23097710000002","300","0","0","86","entropy_trigger"
"protocol-1.1","ablation","kroC100.tsp","100","EUC_2D","small","MSA-ACO","hybrid_v4_2","2","20560903","06d8b74293ac6ef6","20749.0","20749","0.0","23660.0","True","26401","365711540","2400","24001","0","24000","2400","6652177","6864","600","56077122","613","62729299","15","0.007042400000500493","0.6605770999995002","135.14369879999958","104.05705400000534","135.81152609999936","300","0","0","80","entropy_trigger"
"protocol-1.1","ablation","kroC100.tsp","100","EUC_2D","small","MSA-no-GA-init","hybrid_v4_2","2","20560903","6ac39e78a5aef412","20749.0","20749","0.0","nan","True","24001","380688374","0","24001","0","24000","2400","7825744","9053","600","57830883","626","65656627","0","0.006628899999668647","4.529999932856299e-05","141.03773069999988","109.57614259998809","141.04459880000013","300","0","0","83","entropy_trigger"
"protocol-1.1","ablation","kroC100.tsp","100","EUC_2D","small","MSA-fixed-switch","hybrid_v4_2","2","20560903","ae993fda1af22cd9","20749.0","20749","0.0","23660.0","True","26401","399853616","2400","24001","0","24000","2400","7838488","8857","600","60976594","785","68815082","15","0.006842099999630591","0.6591479999997318","144.94285729999956","113.78584719999526","145.60904329999994","300","0","0","105","fixed_control"
"protocol-1.1","ablation","kroC100.tsp","100","EUC_2D","small","MSA-no-rank","hybrid_v4_2","2","20560903","c254bf082018ce29","20753.0","20749","0.01927803749578293","23660.0","True","26401","412230844","2400","24001","0","24000","2400","10818765","13979","600","61052614","836","71871379","15","0.007002700000157347","0.6384446000001844","151.64225740000074","119.86234719999538","152.28789609999967","300","0","0","81","entropy_trigger"
"protocol-1.1","ablation","kroC100.tsp","100","EUC_2D","small","MSA-no-2opt","hybrid_v4_2","2","20560903","a76e8cd0b0af7fbf","20749.0","20749","0.0","23660.0","True","26401","522910636","2400","24001","0","24000","0","0","0","600","86711756","4652","86711756","15","0.00602219999927911","0.6996106000005966","183.65164989999903","150.3973468000113","184.3580737000011","300","0","0","89","entropy_trigger"
"protocol-1.1","ablation","kroC100.tsp","100","EUC_2D","small","MSA-no-3opt","hybrid_v4_2","2","20560903","3350416354f41c33","20749.0","20749","0.0","23660.0","True","26401","37280568","2400","24001","0","24000","2400","8660117","10248","0","0","0","8660117","15","0.009391900002810871","0.768386299998383","47.13991769999848","13.612190600004396","47.918713600000046","300","0","0","88","entropy_trigger"
"protocol-1.1","ablation","kroC100.tsp","100","EUC_2D","small","MSA-nonadaptive-3opt","hybrid_v4_2","2","20560903","a7c41bfde6bdcb3b","20749.0","20749","0.0","23660.0","True","26401","365711540","2400","24001","0","24000","2400","6652177","6864","600","56077122","613","62729299","15","0.006016600000293693","0.6675376999992295","140.05994250000003","106.558391700004","140.73365339999873","300","0","0","80","entropy_trigger"
"protocol-1.1","ablation","kroC100.tsp","100","EUC_2D","small","MSA-no-scale-adaptation","hybrid_v4_2","2","20560903","23e6f34c76eaf7d1","20749.0","20749","0.0","23660.0","True","26401","374034062","2400","24001","0","24000","2400","7040872","7451","600","57205079","633","64245951","15","0.006728899999870919","0.638394800000242","142.8260951000011","110.51047229995675","143.47143649999998","300","0","0","87","entropy_trigger"
"protocol-1.1","ablation","kroC100.tsp","100","EUC_2D","small","MSA-ACO","hybrid_v4_2","3","20560904","06d8b74293ac6ef6","20749.0","20749","0.0","23618.0","True","27751","404667542","3750","24001","0","24000","2400","8490880","10465","600","61321487","773","69812367","24","0.00626419999753125","0.9946823999998742","147.33234820000143","115.96423290001621","148.3334619999987","300","0","0","88","entropy_trigger"
"protocol-1.1","ablation","kroC100.tsp","100","EUC_2D","small","MSA-no-GA-init","hybrid_v4_2","3","20560904","6ac39e78a5aef412","20749.0","20749","0.0","nan","True","24001","377156446","0","24001","0","24000","2400","7424313","8340","600","57509849","633","64934162","0","0.005701599999156315","0.0005665999997290783","139.2600988000013","108.13038770002095","139.2665960000013","300","0","0","77","entropy_trigger"
"protocol-1.1","ablation","kroC100.tsp","100","EUC_2D","small","MSA-fixed-switch","hybrid_v4_2","3","20560904","ae993fda1af22cd9","20749.0","20749","0.0","23618.0","True","27751","382819322","3750","24001","0","24000","2400","7465348","8753","600","58363805","717","65829153","24","0.005810900001961272","0.9873326000015368","137.8673162999985","107.33548689996678","138.86079870000322","300","0","0","105","fixed_control"
"protocol-1.1","ablation","kroC100.tsp","100","EUC_2D","small","MSA-no-rank","hybrid_v4_2","3","20560904","c254bf082018ce29","20749.0","20749","0.0","23618.0","True","27751","416103702","3750","24001","0","24000","2400","10123814","13353","600","62138891","839","72262705","24","0.005703499999071937","0.99747539999953","152.13764490000176","120.67376559998957","153.14099480000004","300","0","0","88","entropy_trigger"
"protocol-1.1","ablation","kroC100.tsp","100","EUC_2D","small","MSA-no-2opt","hybrid_v4_2","3","20560904","a76e8cd0b0af7fbf","20749.0","20749","0.0","23618.0","True","27751","592513822","3750","24001","0","24000","0","0","0","600","98289787","4963","98289787","24","0.005590600001596613","0.9873422999989998","192.7662160999971","162.06523740001285","193.75935729999765","300","0","0","91","entropy_trigger"
"protocol-1.1","ablation","kroC100.tsp","100","EUC_2D","small","MSA-no-3opt","hybrid_v4_2","3","20560904","3350416354f41c33","20749.0","20749","0.0","23618.0","True","27751","38432588","3750","24001","0","24000","2400","8914372","10548","0","0","0","8914372","24","0.006205799996678252","1.0357649999968999","44.96967349999977","13.022370699996827","46.01184629999989","300","0","0","77","entropy_trigger"
"protocol-1.1","ablation","kroC100.tsp","100","EUC_2D","small","MSA-nonadaptive-3opt","hybrid_v4_2","3","20560904","a7c41bfde6bdcb3b","20749.0","20749","0.0","23618.0","True","27751","404667542","3750","24001","0","24000","2400","8490880","10465","600","61321487","773","69812367","24","0.006646800000453368","1.0363094000022102","146.12690830000065","114.58765460004724","147.17007990000275","300","0","0","88","entropy_trigger"
"protocol-1.1","ablation","kroC100.tsp","100","EUC_2D","small","MSA-no-scale-adaptation","hybrid_v4_2","3","20560904","23e6f34c76eaf7d1","20749.0","20749","0.0","23618.0","True","27751","393224638","3750","24001","0","24000","2400","7111344","7959","600","60334027","710","67445371","24","0.005632399999740301","1.0114757000010286","141.1407838999985","110.1504907000126","142.15815119999752","300","0","0","87","entropy_trigger"
"protocol-1.1","ablation","kroC100.tsp","100","EUC_2D","small","MSA-ACO","hybrid_v4_2","4","20560905","06d8b74293ac6ef6","20749.0","20749","0.0","23011.0","True","28651","381067236","4650","24001","0","24000","2400","7358795","8117","600","58127826","590","65486621","30","0.006023600002663443","1.3129357999969216","142.61222330000237","110.40726160000122","143.93192160000035","300","0","0","85","entropy_trigger"
"protocol-1.1","ablation","kroC100.tsp","100","EUC_2D","small","MSA-no-GA-init","hybrid_v4_2","4","20560905","6ac39e78a5aef412","20749.0","20749","0.0","nan","True","24001","388617738","0","24001","0","24000","2400","7652645","8621","600","59267843","694","66920488","0","0.006179100000736071","6.470000153058209e-05","142.55848849999893","111.26930850001736","142.56492439999784","300","0","0","81","entropy_trigger"
"protocol-1.1","ablation","kroC100.tsp","100","EUC_2D","small","MSA-fixed-switch","hybrid_v4_2","4","20560905","ae993fda1af22cd9","20749.0","20749","0.0","23011.0","True","28651","436027706","4650","24001","0","24000","2400","9294493","11484","600","65997439","870","75291932","30","0.006811899998865556","1.3076737000010326","155.51971590000176","124.80301639998652","156.8346556999968","300","0","0","105","fixed_control"
"protocol-1.1","ablation","kroC100.tsp","100","EUC_2D","small","MSA-no-rank","hybrid_v4_2","4","20560905","c254bf082018ce29","20749.0","20749","0.0","23011.0","True","28651","406490894","4650","24001","0","24000","2400","10499407","12936","600","60271361","777","70770768","30","0.0061157000018283725","1.25455779999902","150.826155499999","119.12065349998738","152.08744290000323","300","0","0","87","entropy_trigger"
"protocol-1.1","ablation","kroC100.tsp","100","EUC_2D","small","MSA-no-2opt","hybrid_v4_2","4","20560905","a76e8cd0b0af7fbf","20749.0","20749","0.0","23011.0","True","28651","481693438","4650","24001","0","24000","0","0","0","600","79804723","4049","79804723","30","0.008309600001666695","1.2839961999998195","164.27903259999948","133.4010116000063","165.5715760000021","300","0","0","77","entropy_trigger"
"protocol-1.1","ablation","kroC100.tsp","100","EUC_2D","small","MSA-no-3opt","hybrid_v4_2","4","20560905","3350416354f41c33","20749.0","20749","0.0","23011.0","True","28651","32943084","4650","24001","0","24000","2400","7519496","7956","0","0","0","7519496","30","0.00644530000136001","1.2943272000011348","40.767549999996845","10.570264300007693","42.06876199999897","300","0","0","84","entropy_trigger"
"protocol-1.1","ablation","kroC100.tsp","100","EUC_2D","small","MSA-nonadaptive-3opt","hybrid_v4_2","4","20560905","a7c41bfde6bdcb3b","20749.0","20749","0.0","23011.0","True","28651","381067236","4650","24001","0","24000","2400","7358795","8117","600","58127826","590","65486621","30","0.005620800002361648","1.2450951999999234","139.22134489999735","107.46824269997524","140.47246180000002","300","0","0","85","entropy_trigger"
"protocol-1.1","ablation","kroC100.tsp","100","EUC_2D","small","MSA-no-scale-adaptation","hybrid_v4_2","4","20560905","23e6f34c76eaf7d1","20749.0","20749","0.0","23011.0","True","28651","443150610","4650","24001","0","24000","2400","8969411","10824","600","67401311","914","76370722","30","0.006459699998231372","1.3458178000000771","158.06878069999948","126.63983470002131","159.42216250000274","300","0","0","92","entropy_trigger"
"protocol-1.1","ablation","kroC100.tsp","100","EUC_2D","small","MSA-ACO","hybrid_v4_2","5","20560906","06d8b74293ac6ef6","20749.0","20749","0.0","23660.0","True","26401","372688680","2400","24001","0","24000","2400","7228217","8075","600","56855952","634","64084169","15","0.00618640000175219","0.6473222000022361","137.1662835999996","105.92872300004092","137.8200278000004","300","0","0","86","entropy_trigger"
"protocol-1.1","ablation","kroC100.tsp","100","EUC_2D","small","MSA-no-GA-init","hybrid_v4_2","5","20560906","6ac39e78a5aef412","20749.0","20749","0.0","nan","True","24001","379804844","0","24001","0","24000","2400","7330144","7933","600","58014028","669","65344172","0","0.005640100000164239","3.769999966607429e-05","138.1487731999987","107.11916519997249","138.15463969999837","300","0","0","78","entropy_trigger"
"protocol-1.1","ablation","kroC100.tsp","100","EUC_2D","small","MSA-fixed-switch","hybrid_v4_2","5","20560906","ae993fda1af22cd9","20749.0","20749","0.0","23660.0","True","26401","408646000","2400","24001","0","24000","2400","8235879","9955","600","62177064","827","70412943","15","0.005912399999942863","0.6688418999983696","151.44702360000156","119.55026819993509","152.12198949999947","300","0","0","105","fixed_control"
"protocol-1.1","ablation","kroC100.tsp","100","EUC_2D","small","MSA-no-rank","hybrid_v4_2","5","20560906","c254bf082018ce29","20749.0","20749","0.0","23660.0","True","26401","393497514","2400","24001","0","24000","2400","8996921","11103","600","59144955","777","68141876","15","0.006841599999461323","0.6438780999997107","143.95844319999742","112.59120270001222","144.6093465999984","300","0","0","77","entropy_trigger"
"protocol-1.1","ablation","kroC100.tsp","100","EUC_2D","small","MSA-no-2opt","hybrid_v4_2","5","20560906","a76e8cd0b0af7fbf","20749.0","20749","0.0","23660.0","True","26401","461507914","2400","24001","0","24000","0","0","0","600","76477969","3791","76477969","15","0.006082100000639912","0.7326241000009759","160.00694079999812","128.86332920002314","160.74619209999946","300","0","0","77","entropy_trigger"
"protocol-1.1","ablation","kroC100.tsp","100","EUC_2D","small","MSA-no-3opt","hybrid_v4_2","5","20560906","3350416354f41c33","20749.0","20749","0.0","23660.0","True","26401","34095224","2400","24001","0","24000","2400","7863781","8705","0","0","0","7863781","15","0.006184699999721488","0.6606644000021333","43.47103679999782","11.706449500019517","44.13807210000232","300","0","0","77","entropy_trigger"
"protocol-1.1","ablation","kroC100.tsp","100","EUC_2D","small","MSA-nonadaptive-3opt","hybrid_v4_2","5","20560906","a7c41bfde6bdcb3b","20749.0","20749","0.0","23660.0","True","26401","372688680","2400","24001","0","24000","2400","7228217","8075","600","56855952","634","64084169","15","0.006168899999465793","0.6409113000008801","136.30402909999975","105.01856539999426","136.9512966000002","300","0","0","86","entropy_trigger"
"protocol-1.1","ablation","kroC100.tsp","100","EUC_2D","small","MSA-no-scale-adaptation","hybrid_v4_2","5","20560906","23e6f34c76eaf7d1","20749.0","20749","0.0","23660.0","True","26401","373320508","2400","24001","0","24000","2400","7218522","7944","600","56967720","648","64186242","15","0.006569599998329068","0.6399404999974649","141.25163629999952","108.78132030000415","141.89868670000214","300","0","0","82","entropy_trigger"
"protocol-1.1","ablation","kroA150.tsp","150","EUC_2D","medium","MSA-ACO","hybrid_v4_2","1","20660902","00083bc347086e7a","26685.0","26524","0.6069974362841201","31479.0","True","38851","3386890022","2850","36001","0","36000","3000","101107028","121153","1200","496105710","15139","597212738","18","0.013421499999822117","1.1313140000020212","1051.0672974000008","977.2607979000059","1052.2151636000017","300","0","0","135","forced_at_window_end"
"protocol-1.1","ablation","kroA150.tsp","150","EUC_2D","medium","MSA-no-GA-init","hybrid_v4_2","1","20660902","c8487b3de7d8795f","26661.0","26524","0.5165133464032574","nan","True","36001","3443794110","0","36001","0","36000","3000","100661085","118530","1200","505958270","15982","606619355","0","0.013876900000468595","0.00036840000029769726","1057.5294061999994","984.7981030999617","1057.5494175000022","300","0","0","135","forced_at_window_end"
"protocol-1.1","ablation","kroA150.tsp","150","EUC_2D","medium","MSA-fixed-switch","hybrid_v4_2","1","20660902","9b7068053b0b6aac","26691.0","26524","0.6296184587543356","31479.0","True","38851","3287218562","2850","36001","0","36000","3000","102964517","124390","1200","478255474","15040","581219991","18","0.012951799999427749","1.1315671999982442","1029.9756611999983","956.0694700000058","1031.1208355000017","300","0","0","105","fixed_control"
"protocol-1.1","ablation","kroA150.tsp","150","EUC_2D","medium","MSA-no-rank","hybrid_v4_2","1","20660902","8f01210ccc4b938d","26639.0","26524","0.43356959734580003","31479.0","True","38851","3116682748","2850","36001","0","36000","3000","93477643","109390","1200","456157421","13275","549635064","18","0.01436939999985043","1.1848972000007052","1022.3152348000003","945.6495539000498","1023.5200294999995","300","0","0","128","entropy_trigger"
"protocol-1.1","ablation","kroA150.tsp","150","EUC_2D","medium","MSA-no-2opt","hybrid_v4_2","1","20660902","3f93938b8d98278c","26658.0","26524","0.5052028351681496","31479.0","True","38851","4223870964","2850","36001","0","36000","0","0","0","1200","703007219","61788","703007219","18","0.015350500001659384","1.2099084000001312","1224.1951402999985","1154.00094359996","1225.4301808000018","300","0","0","129","entropy_trigger"
"protocol-1.1","ablation","kroA150.tsp","150","EUC_2D","medium","MSA-no-3opt","hybrid_v4_2","1","20660902","4ce816c4ab00a88a","26689.0","26524","0.6220781179309305","31479.0","True","38851","419007734","2850","36001","0","36000","3000","103295021","122834","0","0","0","103295021","18","0.012978499999007909","1.104489100001956","206.23272440000073","137.49910559999626","207.35119459999987","300","0","0","135","forced_at_window_end"
"protocol-1.1","ablation","kroA150.tsp","150","EUC_2D","medium","MSA-nonadaptive-3opt","hybrid_v4_2","1","20660902","180b89995e518175","26685.0","26524","0.6069974362841201","31479.0","True","38851","3386890022","2850","36001","0","36000","3000","101107028","121153","1200","496105710","15139","597212738","18","0.013296299999637995","1.1277802999975393","989.0927358999979","919.9626255999974","990.234220899998","300","0","0","135","forced_at_window_end"
"protocol-1.1","ablation","kroA150.tsp","150","EUC_2D","medium","MSA-no-scale-adaptation","hybrid_v4_2","1","20660902","bdf8690b5c34df07","26590.0","26524","0.2488312471723722","31479.0","True","38851","1873060308","2850","36001","0","36000","3600","112161663","135477","600","236431001","7578","348592664","18","0.015196299995295703","1.1092012000008253","600.217086800003","531.6203583999886","601.3418565999964","300","0","0","135","forced_at_window_end"
"protocol-1.1","ablation","kroA150.tsp","150","EUC_2D","medium","MSA-ACO","hybrid_v4_2","2","20660903","00083bc347086e7a","26650.0","26524","0.4750414718745287","31479.0","True","38401","3287706354","2400","36001","0","36000","3000","101765064","122684","1200","479147658","15031","580912722","15","0.012337599997408688","0.9208012000017334","980.8536307999966","911.7551528000549","981.7869722000032","300","0","0","135","forced_at_window_end"
"protocol-1.1","ablation","kroA150.tsp","150","EUC_2D","medium","MSA-no-GA-init","hybrid_v4_2","2","20660903","c8487b3de7d8795f","26684.0","26524","0.6032272658724174","nan","True","36001","3317212386","0","36001","0","36000","3000","99669606","120176","1200","485522302","15665","585191908","0","0.013603799998236354","7.190000178525224e-05","986.0189387999999","917.32747009999","986.0328690000024","300","0","0","135","forced_at_window_end"
"protocol-1.1","ablation","kroA150.tsp","150","EUC_2D","medium","MSA-fixed-switch","hybrid_v4_2","2","20660903","9b7068053b0b6aac","26650.0","26524","0.4750414718745287","31479.0","True","38401","3284625574","2400","36001","0","36000","3000","102271954","123696","1200","478296268","15312","580568222","15","0.012319199995545205","0.9367784000060055","976.0311150999987","907.0727444000077","976.9806586999985","300","0","0","105","fixed_control"
"protocol-1.1","ablation","kroA150.tsp","150","EUC_2D","medium","MSA-no-rank","hybrid_v4_2","2","20660903","8f01210ccc4b938d","26649.0","26524","0.47127130146282614","31479.0","True","38401","3092960920","2400","36001","0","36000","3000","96035572","112364","1200","450509747","12867","546545319","15","0.012962600005266722","0.930028200004017","924.1186484999998","855.0525227000326","925.0627434000053","300","0","0","121","entropy_trigger"
"protocol-1.1","ablation","kroA150.tsp","150","EUC_2D","medium","MSA-no-2opt","hybrid_v4_2","2","20660903","3f93938b8d98278c","26663.0","26524","0.5240536872266627","31479.0","True","38401","4150030296","2400","36001","0","36000","0","0","0","1200","690711691","64415","690711691","15","0.012380899999698158","0.9328058999963105","1180.6828438000011","1112.0101434000462","1181.6285050000006","300","0","0","135","forced_at_window_end"
"protocol-1.1","ablation","kroA150.tsp","150","EUC_2D","medium","MSA-no-3opt","hybrid_v4_2","2","20660903","4ce816c4ab00a88a","26784.0","26524","0.9802443070426783","31479.0","True","38401","408258182","2400","36001","0","36000","3000","100624508","120494","0","0","0","100624508","15","0.01379359999555163","0.9284086999978172","202.82612240000162","134.16573570000037","203.7698062999989","300","0","0","135","forced_at_window_end"
"protocol-1.1","ablation","kroA150.tsp","150","EUC_2D","medium","MSA-nonadaptive-3opt","hybrid_v4_2","2","20660903","180b89995e518175","26650.0","26524","0.4750414718745287","31479.0","True","38401","3287706354","2400","36001","0","36000","3000","101765064","122684","1200","479147658","15031","580912722","15","0.015009599999757484","0.9348867000007886","954.2792759000004","885.6713449999806","955.2296104000052","300","0","0","135","forced_at_window_end"
"protocol-1.1","ablation","kroA150.tsp","150","EUC_2D","medium","MSA-no-scale-adaptation","hybrid_v4_2","2","20660903","bdf8690b5c34df07","26711.0","26524","0.7050218669883879","31479.0","True","38401","1913752738","2400","36001","0","36000","3600","113431993","136138","600","242377436","8017","355809429","15","0.012517499999376014","0.910964700000477","606.8871637000047","538.7075397000153","607.8110890000025","300","0","0","126","entropy_trigger"
"protocol-1.1","ablation","kroA150.tsp","150","EUC_2D","medium","MSA-ACO","hybrid_v4_2","3","20660904","00083bc347086e7a","26623.0","26524","0.37324687075855834","31479.0","True","38401","3316880872","2400","36001","0","36000","3000","99706087","119504","1200","485382729","15117","585088816","15","0.012618600005225744","0.9243865000025835","986.2034635000018","917.6991571999315","987.1409212999934","300","0","0","135","forced_at_window_end"
"protocol-1.1","ablation","kroA150.tsp","150","EUC_2D","medium","MSA-no-GA-init","hybrid_v4_2","3","20660904","c8487b3de7d8795f","26657.0","26524","0.501432664756447","nan","True","36001","3297727684","0","36001","0","36000","3000","98533471","118499","1200","483032275","15294","581565746","0","0.013341300000320189","0.00017490000027464703","978.8585683000056","909.8492282999432","978.8729578999992","300","0","0","135","forced_at_window_end"
"protocol-1.1","ablation","kroA150.tsp","150","EUC_2D","medium","MSA-fixed-switch","hybrid_v4_2","3","20660904","9b7068053b0b6aac","26628.0","26524","0.39209772281707134","31479.0","True","38401","3354084346","2400","36001","0","36000","3000","101558527","123095","1200","490348348","15377","591906875","15","0.012601299997186288","0.9171633000005386","992.7895231999937","923.7019861999506","993.7194922999988","300","0","0","105","fixed_control"
"protocol-1.1","ablation","kroA150.tsp","150","EUC_2D","medium","MSA-no-rank","hybrid_v4_2","3","20660904","8f01210ccc4b938d","26550.0","26524","0.09802443070426783","31479.0","True","38401","3018055778","2400","36001","0","36000","3000","92403158","108032","1200","440447166","11754","532850324","15","0.012195800001791213","0.925346999996691","901.219928700004","832.2277136000193","902.1577034999937","300","0","0","124","entropy_trigger"
"protocol-1.1","ablation","kroA150.tsp","150","EUC_2D","medium","MSA-no-2opt","hybrid_v4_2","3","20660904","3f93938b8d98278c","26650.0","26524","0.4750414718745287","31479.0","True","38401","4149148428","2400","36001","0","36000","0","0","0","1200","690564713","61593","690564713","15","0.012481899997510482","0.9227129999999306","1179.0925067999997","1110.1128921999552","1180.028407699996","300","0","0","135","forced_at_window_end"
"protocol-1.1","ablation","kroA150.tsp","150","EUC_2D","medium","MSA-no-3opt","hybrid_v4_2","3","20660904","4ce816c4ab00a88a","26939.0","26524","1.5646207208565825","31479.0","True","38401","415962726","2400","36001","0","36000","3000","102550644","122390","0","0","0","102550644","15","0.014275199995609","0.921646700000565","204.87856650000322","136.3147404999254","205.814813099998","300","0","0","135","forced_at_window_end"
"protocol-1.1","ablation","kroA150.tsp","150","EUC_2D","medium","MSA-nonadaptive-3opt","hybrid_v4_2","3","20660904","180b89995e518175","26623.0","26524","0.37324687075855834","31479.0","True","38401","3316880872","2400","36001","0","36000","3000","99706087","119504","1200","485382729","15117","585088816","15","0.012573599997267593","0.9334697000012966","964.8993536000053","895.9289229000497","965.8455660999971","300","0","0","135","forced_at_window_end"
"protocol-1.1","ablation","kroA150.tsp","150","EUC_2D","medium","MSA-no-scale-adaptation","hybrid_v4_2","3","20660904","bdf8690b5c34df07","26618.0","26524","0.3543960187000453","31479.0","True","38401","1903353842","2400","36001","0","36000","3600","113505821","136290","600","240595068","7687","354100889","15","0.012907399999676272","0.9349952000047779","608.4504930999974","539.8668665999139","609.3988820999948","300","0","0","135","forced_at_window_end"
"protocol-1.1","ablation","kroA150.tsp","150","EUC_2D","medium","MSA-ACO","hybrid_v4_2","4","20660905","00083bc347086e7a","26563.0","26524","0.14703664605640177","32018.999999999996","True","38851","3400093870","2850","36001","0","36000","3000","101002273","121775","1200","498376188","15411","599378461","18","0.01246240000182297","1.0852613000024576","1003.0712960000019","934.5574566000723","1004.1692607000005","300","0","0","135","forced_at_window_end"
"protocol-1.1","ablation","kroA150.tsp","150","EUC_2D","medium","MSA-no-GA-init","hybrid_v4_2","4","20660905","c8487b3de7d8795f","26619.0","26524","0.35816618911174786","nan","True","36001","3290606094","0","36001","0","36000","3000","99726696","119315","1200","481049860","15615","580776556","0","0.01249649999954272","6.0200000007171184e-05","988.1597390000024","918.5302364999079","988.1726602999988","300","0","0","135","forced_at_window_end"
"protocol-1.1","ablation","kroA150.tsp","150","EUC_2D","medium","MSA-fixed-switch","hybrid_v4_2","4","20660905","9b7068053b0b6aac","26675.0","26524","0.569295732167094","32018.999999999996","True","38851","3354546232","2850","36001","0","36000","3000","102094417","123128","1200","490056819","15695","592151236","18","0.01257179999811342","1.0997386000017286","993.3713796999946","924.2852019999773","994.4849026000011","300","0","0","105","fixed_control"
"protocol-1.1","ablation","kroA150.tsp","150","EUC_2D","medium","MSA-no-rank","hybrid_v4_2","4","20660905","8f01210ccc4b938d","26620.0","26524","0.36193635952345043","32018.999999999996","True","38851","3146997346","2850","36001","0","36000","3000","95177941","112001","1200","460076322","13474","555254263","18","0.01260760000150185","1.1057213000021875","941.8410824999955","872.577616999959","942.9598039999983","300","0","0","121","entropy_trigger"
"protocol-1.1","ablation","kroA150.tsp","150","EUC_2D","medium","MSA-no-2opt","hybrid_v4_2","4","20660905","3f93938b8d98278c","26678.0","26524","0.5806062434022018","32018.999999999996","True","38851","4413063738","2850","36001","0","36000","0","0","0","1200","734539348","62672","734539348","18","0.013348500004212838","1.1008049000010942","1248.689994399996","1179.8525016000349","1249.8049622000035","300","0","0","135","forced_at_window_end"
"protocol-1.1","ablation","kroA150.tsp","150","EUC_2D","medium","MSA-no-3opt","hybrid_v4_2","4","20660905","4ce816c4ab00a88a","26802.0","26524","1.0481073744533254","32018.999999999996","True","38851","413719530","2850","36001","0","36000","3000","101972970","121915","0","0","0","101972970","18","0.012863299998571165","1.08532749999722","203.88468979999743","135.15392880005675","204.9831112000029","300","0","0","135","forced_at_window_end"
"protocol-1.1","ablation","kroA150.tsp","150","EUC_2D","medium","MSA-nonadaptive-3opt","hybrid_v4_2","4","20660905","180b89995e518175","26563.0","26524","0.14703664605640177","32018.999999999996","True","38851","3400093870","2850","36001","0","36000","3000","101002273","121775","1200","498376188","15411","599378461","18","0.012440300000889692","1.0931932000021334","984.2358233999985","915.4998194999425","985.3421591000006","300","0","0","135","forced_at_window_end"
"protocol-1.1","ablation","kroA150.tsp","150","EUC_2D","medium","MSA-no-scale-adaptation","hybrid_v4_2","4","20660905","bdf8690b5c34df07","26713.0","26524","0.7125622078117931","32018.999999999996","True","38851","1924665120","2850","36001","0","36000","3600","113730309","136659","600","243986039","7717","357716348","18","0.012384299996483605","1.1011425999968196","614.1532640000005","545.606476699948","615.2671159999954","300","0","0","135","forced_at_window_end"
"protocol-1.1","ablation","kroA150.tsp","150","EUC_2D","medium","MSA-ACO","hybrid_v4_2","5","20660906","00083bc347086e7a","26675.0","26524","0.569295732167094","31300.0","True","39601","3338598284","3600","36001","0","36000","3000","99604745","119522","1200","489039859","15323","588644604","23","0.013933299997006543","1.4154898000051617","990.7398533000014","921.6058382999618","992.1711331000042","300","0","0","135","forced_at_window_end"
"protocol-1.1","ablation","kroA150.tsp","150","EUC_2D","medium","MSA-no-GA-init","hybrid_v4_2","5","20660906","c8487b3de7d8795f","26563.0","26524","0.14703664605640177","nan","True","36001","3419116662","0","36001","0","36000","3000","100979994","121795","1200","501632756","15822","602612750","0","0.014678100000310224","8.760000491747633e-05","1010.5731237","941.9021595000086","1010.5883080999993","300","0","0","135","forced_at_window_end"
"protocol-1.1","ablation","kroA150.tsp","150","EUC_2D","medium","MSA-fixed-switch","hybrid_v4_2","5","20660906","9b7068053b0b6aac","26665.0","26524","0.531594028050068","31300.0","True","39601","3305498436","3600","36001","0","36000","3000","100932681","122394","1200","482637927","15085","583570608","23","0.013753499995800667","1.3880917000060435","978.6390353999959","909.7492145000506","980.0413159999953","300","0","0","105","fixed_control"
"protocol-1.1","ablation","kroA150.tsp","150","EUC_2D","medium","MSA-no-rank","hybrid_v4_2","5","20660906","8f01210ccc4b938d","26610.0","26524","0.3242346554064244","31300.0","True","39601","3186170778","3600","36001","0","36000","3000","92401620","110115","1200","468437358","13245","560838978","23","0.012549200000648852","1.3946133999997983","946.4204438000015","877.4317559000701","947.8279899000045","300","0","0","134","entropy_trigger"
"protocol-1.1","ablation","kroA150.tsp","150","EUC_2D","medium","MSA-no-2opt","hybrid_v4_2","5","20660906","3f93938b8d98278c","26626.0","26524","0.3845573819936661","31300.0","True","39601","4229001498","3600","36001","0","36000","0","0","0","1200","703843558","63021","703843558","23","0.012707599998975638","1.4002436000009766","1201.6378197000013","1132.6891865000289","1203.0512529999978","300","0","0","135","forced_at_window_end"
"protocol-1.1","ablation","kroA150.tsp","150","EUC_2D","medium","MSA-no-3opt","hybrid_v4_2","5","20660906","4ce816c4ab00a88a","26842.0","26524","1.1989141909214296","31300.0","True","39601","411123554","3600","36001","0","36000","3000","101295851","122452","0","0","0","101295851","23","0.012487599997257348","1.3930794000043534","202.83129239999835","134.29130740003166","204.2371093000038","300","0","0","135","forced_at_window_end"
"protocol-1.1","ablation","kroA150.tsp","150","EUC_2D","medium","MSA-nonadaptive-3opt","hybrid_v4_2","5","20660906","180b89995e518175","26675.0","26524","0.569295732167094","31300.0","True","39601","3338598284","3600","36001","0","36000","3000","99604745","119522","1200","489039859","15323","588644604","23","0.012619299996003974","1.4084093999990728","969.2559815999994","900.6192170000431","970.6771735000002","300","0","0","135","forced_at_window_end"
"protocol-1.1","ablation","kroA150.tsp","150","EUC_2D","medium","MSA-no-scale-adaptation","hybrid_v4_2","5","20660906","bdf8690b5c34df07","26657.0","26524","0.501432664756447","31300.0","True","39601","1922115788","3600","36001","0","36000","3600","112953542","136332","600","244060245","7998","357013787","23","0.012388299997837748","1.3918542999963393","611.2540462000034","542.8698089999962","612.6586691999983","300","0","0","132","entropy_trigger"
