protocol_version,suite,instance,n,distance_type,segment,variant,engine_mode,run,seed,config_hash,best_length,bks,deviation_percent,ga_best_length,timing_valid,path_length_evaluations,distance_lookups,ga_path_evaluations,solver_path_evaluations,three_opt_path_evaluations,tour_constructions,two_opt_calls,two_opt_move_evaluations,two_opt_improvements,three_opt_calls,three_opt_candidate_evaluations,three_opt_improvements,local_search_evaluations,ga_generations,preprocessing_seconds,initialization_seconds,solver_seconds,local_search_seconds,total_seconds,switch_iteration,switch_reason
protocol-1.1,switch,ulysses22.tsp,22,GEO,small,MSA-no-switch,hybrid_v4_2,1,20360902,3afff0f339621a19,7013,7013,0,7275,false,7951,7791078,4200,3751,0,3750,450,220919,1213,150,1122080,95,1342999,27,0.00219680000736844,0.519326200010255,4.74535660000402,3.25923990008596,5.26710949999688,150,disabled_control
protocol-1.1,switch,ulysses22.tsp,22,GEO,small,MSA-random-switch,hybrid_v4_2,1,20360902,997ab3a3cb5cfd72,7013,7013,0,7275,false,7951,7780294,4200,3751,0,3750,450,220353,1208,150,1120660,99,1341013,27,0.00303810001059901,0.553153000000748,4.71375059999991,3.25649589997192,5.27024420000089,63,random_control
protocol-1.1,switch,ulysses22.tsp,22,GEO,small,MSA-no-switch,hybrid_v4_2,2,20360903,3afff0f339621a19,7013,7013,0,7564,false,11551,7323930,7800,3751,0,3750,450,144356,531,150,1082064,47,1226420,51,0.00223659999028314,0.919057699997211,4.36017639999045,2.93366439981037,5.28169229999185,150,disabled_control
protocol-1.1,switch,ulysses22.tsp,22,GEO,small,MSA-ACO,hybrid_v4_2,1,20360902,5bf7fdb7b4f06017,7013,7013,0,7275,false,7951,7789842,4200,3751,0,3750,450,220610,1210,150,1122080,95,1342690,27,0.0031137000041781,0.571383399990737,4.82042679999722,3.30532180017326,5.39519549999386,52,entropy_trigger
protocol-1.1,switch,ulysses22.tsp,22,GEO,small,MSA-fixed-switch,hybrid_v4_2,2,20360903,61ba92a3430ed643,7013,7013,0,7564,false,11551,7322982,7800,3751,0,3750,450,144119,528,150,1082064,47,1226183,51,0.00310240000544582,0.898043599998346,4.50457659999665,3.00780400000804,5.40599939999811,60,fixed_control
protocol-1.1,switch,ulysses22.tsp,22,GEO,small,MSA-fixed-switch,hybrid_v4_2,1,20360902,61ba92a3430ed643,7013,7013,0,7275,false,7951,7789578,4200,3751,0,3750,450,220544,1208,150,1122080,95,1342624,27,0.00216179998824373,0.589099899996654,4.85555539999041,3.3232079000154,5.447090200003,60,fixed_control
protocol-1.1,switch,ulysses22.tsp,22,GEO,small,MSA-ACO,hybrid_v4_2,2,20360903,5bf7fdb7b4f06017,7013,7013,0,7564,false,11551,7322770,7800,3751,0,3750,450,144066,528,150,1082064,47,1226130,51,0.0021128999942448,1.02865760000714,4.49635490000946,3.03906580001058,5.52744150000217,47,entropy_trigger
protocol-1.1,switch,ulysses22.tsp,22,GEO,small,MSA-random-switch,hybrid_v4_2,2,20360903,997ab3a3cb5cfd72,7013,7013,0,7564,false,11551,7232410,7800,3751,0,3750,450,147816,565,150,1064504,40,1212320,51,0.00311550000333227,1.00911169999745,4.52476469999237,3.00441609996778,5.53726289999031,48,random_control
protocol-1.1,switch,ulysses22.tsp,22,GEO,small,MSA-random-switch,hybrid_v4_2,3,20360904,997ab3a3cb5cfd72,7013,7013,0,7083,false,7951,7246116,4200,3751,0,3750,450,172079,765,150,1063813,33,1235892,27,0.002370800008066,0.457972200005315,4.36537360001239,2.93559689997346,4.82596919999924,72,random_control
protocol-1.1,switch,ulysses22.tsp,22,GEO,small,MSA-no-switch,hybrid_v4_2,3,20360904,3afff0f339621a19,7013,7013,0,7083,false,7951,7247052,4200,3751,0,3750,450,172313,767,150,1063813,33,1236126,27,0.00119969999650493,0.483601500003715,4.30094640000607,2.90118270000676,4.78593890000775,150,disabled_control
protocol-1.1,switch,ulysses22.tsp,22,GEO,small,MSA-ACO,hybrid_v4_2,3,20360904,5bf7fdb7b4f06017,7013,7013,0,7083,false,7951,7248172,4200,3751,0,3750,450,172593,766,150,1063813,33,1236406,27,0.00178619999496732,0.440818199989735,4.64221239999461,3.10516999995161,5.08503010000277,56,entropy_trigger
protocol-1.1,switch,ulysses22.tsp,22,GEO,small,MSA-random-switch,hybrid_v4_2,4,20360905,997ab3a3cb5cfd72,7013,7013,0,7197,false,8551,7442390,4800,3751,0,3750,450,165175,723,150,1098928,62,1264103,31,0.00127340000472032,0.472973200012348,4.45096259999264,3.03356450010324,4.92538070000592,57,random_control
protocol-1.1,switch,ulysses22.tsp,22,GEO,small,MSA-ACO,hybrid_v4_2,4,20360905,5bf7fdb7b4f06017,7013,7013,0,7197,false,8551,7294164,4800,3751,0,3750,450,170222,742,150,1070859,65,1241081,31,0.00211339999805205,0.542390100003104,4.60434839999652,3.08828009996796,5.14910870000313,52,entropy_trigger
protocol-1.1,switch,ulysses22.tsp,22,GEO,small,MSA-fixed-switch,hybrid_v4_2,3,20360904,61ba92a3430ed643,7013,7013,0,7083,false,7951,7245900,4200,3751,0,3750,450,172025,763,150,1063813,33,1235838,27,0.00176949999877252,0.466797000000952,4.91106579999905,3.29108330002055,5.37988459999906,60,fixed_control
protocol-1.1,switch,ulysses22.tsp,22,GEO,small,MSA-fixed-switch,hybrid_v4_2,4,20360905,61ba92a3430ed643,7013,7013,0,7197,false,8551,7296788,4800,3751,0,3750,450,170878,749,150,1070859,65,1241737,31,0.00174039999546949,0.598356100003002,4.72791240000515,3.16753310005879,5.32818379999662,60,fixed_control
protocol-1.1,switch,ulysses22.tsp,22,GEO,small,MSA-no-switch,hybrid_v4_2,4,20360905,3afff0f339621a19,7013,7013,0,7197,false,8551,7295664,4800,3751,0,3750,450,170597,747,150,1070859,65,1241456,31,0.00134010000328999,0.556219499994768,4.74628900000243,3.24546370000462,5.30404190000263,150,disabled_control
protocol-1.1,switch,ulysses22.tsp,22,GEO,small,MSA-fixed-switch,hybrid_v4_2,5,20360906,61ba92a3430ed643,7013,7013,0,7156,false,9151,7272638,5400,3751,0,3750,450,144202,488,150,1082418,38,1226620,35,0.00176379999902565,0.554420800006483,4.45363770000404,2.94084319988906,5.0101444000029,60,fixed_control
protocol-1.1,switch,ulysses22.tsp,22,GEO,small,MSA-ACO,hybrid_v4_2,5,20360906,5bf7fdb7b4f06017,7013,7013,0,7156,false,9151,7272854,5400,3751,0,3750,450,144256,490,150,1082418,38,1226674,35,0.00117770000360906,0.623967099993024,4.50953039999877,2.99130239992519,5.13484429998789,52,entropy_trigger
protocol-1.1,switch,ulysses22.tsp,22,GEO,small,MSA-no-switch,hybrid_v4_2,5,20360906,3afff0f339621a19,7013,7013,0,7156,false,9151,7293686,5400,3751,0,3750,450,149464,533,150,1082418,38,1231882,35,0.00118490000022575,0.570719000010286,4.40944170000148,2.9744429999555,4.9815241000033,150,disabled_control
protocol-1.1,switch,ulysses22.tsp,22,GEO,small,MSA-random-switch,hybrid_v4_2,5,20360906,997ab3a3cb5cfd72,7013,7013,0,7156,false,9151,7768750,5400,3751,0,3750,450,220968,1219,150,1113926,108,1334894,35,0.00189730001147836,0.753630499995779,4.91212529999029,3.38084569986677,5.66804219999176,54,random_control
protocol-1.1,switch,ulysses22.tsp,22,GEO,small,MSA-ACO,hybrid_v4_2,6,20360907,5bf7fdb7b4f06017,7013,7013,0,7259,false,9451,8172154,5700,3751,0,3750,450,223737,1291,150,1178214,138,1401951,37,0.00127949999296106,0.688760599994566,4.80426799999259,3.33115510002244,5.49448480000137,51,entropy_trigger
protocol-1.1,switch,ulysses22.tsp,22,GEO,small,MSA-fixed-switch,hybrid_v4_2,6,20360907,61ba92a3430ed643,7013,7013,0,7259,false,9451,8426820,5700,3751,0,3750,450,253472,1571,150,1200835,165,1454307,37,0.00231019999773707,0.746643500009668,5.02645629999461,3.51458879993879,5.77567149999959,60,fixed_control
protocol-1.1,switch,ulysses22.tsp,22,GEO,small,MSA-random-switch,hybrid_v4_2,6,20360907,997ab3a3cb5cfd72,7013,7013,0,7259,false,9451,8142010,5700,3751,0,3750,450,218466,1240,150,1176704,128,1395170,37,0.00120729999616742,0.683064199998626,5.10019050000119,3.55089519999456,5.78464049998729,50,random_control
protocol-1.1,switch,ulysses22.tsp,22,GEO,small,MSA-no-switch,hybrid_v4_2,6,20360907,3afff0f339621a19,7013,7013,0,7259,false,9451,10378166,5700,3751,0,3750,450,459895,3470,150,1388444,376,1848339,37,0.001188700000057,0.704373799992027,5.88493349999771,4.38548979995539,6.59065499999269,150,disabled_control
protocol-1.1,switch,ulysses22.tsp,22,GEO,small,MSA-ACO,hybrid_v4_2,8,20360909,5bf7fdb7b4f06017,7013,7013,0,7909,false,6901,7137042,3150,3751,0,3750,450,148271,583,150,1065356,38,1213627,20,0.0012987000081921,0.367999499998405,4.50578700000187,2.99591449998843,4.87523410000722,52,entropy_trigger
protocol-1.1,switch,ulysses22.tsp,22,GEO,small,MSA-ACO,hybrid_v4_2,7,20360908,5bf7fdb7b4f06017,7013,7013,0,7572,false,12001,8433300,8250,3751,0,3750,450,219041,1267,150,1215519,158,1434560,54,0.00118609999481123,0.887221800003317,4.93211480000173,3.47390090006229,5.82068259999505,54,entropy_trigger
protocol-1.1,switch,ulysses22.tsp,22,GEO,small,MSA-fixed-switch,hybrid_v4_2,7,20360908,61ba92a3430ed643,7013,7013,0,7572,false,12001,8307306,8250,3751,0,3750,450,207416,1167,150,1202270,165,1409686,54,0.00142820000473876,0.863473400007933,5.04924950000714,3.49629040002765,5.91434120001213,60,fixed_control
protocol-1.1,switch,ulysses22.tsp,22,GEO,small,MSA-fixed-switch,hybrid_v4_2,8,20360909,61ba92a3430ed643,7013,7013,0,7909,false,6901,7135314,3150,3751,0,3750,450,147839,581,150,1065356,38,1213195,20,0.00120289999176748,0.358524900002521,4.54208339999605,3.04684420001286,4.90196760000254,60,fixed_control
protocol-1.1,switch,ulysses22.tsp,22,GEO,small,MSA-random-switch,hybrid_v4_2,8,20360909,997ab3a3cb5cfd72,7013,7013,0,7909,false,6901,7135314,3150,3751,0,3750,450,147839,581,150,1065356,38,1213195,20,0.00165980000747368,0.372924299997976,4.5329641999997,3.02562659986143,4.90785350000078,75,random_control
protocol-1.1,switch,ulysses22.tsp,22,GEO,small,MSA-random-switch,hybrid_v4_2,7,20360908,997ab3a3cb5cfd72,7013,7013,0,7572,false,12001,8887996,8250,3751,0,3750,450,235401,1441,150,1280395,225,1515796,54,0.00118259999726433,0.934677699988242,5.27148159999342,3.72240989997226,6.20749470000737,73,random_control
protocol-1.1,switch,ulysses22.tsp,22,GEO,small,MSA-no-switch,hybrid_v4_2,8,20360909,3afff0f339621a19,7013,7013,0,7909,false,6901,7135206,3150,3751,0,3750,450,147812,580,150,1065356,38,1213168,20,0.00203209999017417,0.337197899993043,4.70075709999946,3.12504729985085,5.04021419999481,150,disabled_control
protocol-1.1,switch,ulysses22.tsp,22,GEO,small,MSA-no-switch,hybrid_v4_2,7,20360908,3afff0f339621a19,7013,7013,0,7572,false,12001,9536728,8250,3751,0,3750,450,290556,2082,150,1351747,404,1642303,54,0.00119550000817981,0.918185000002268,5.7342176999955,4.18306949986436,6.65374860000156,150,disabled_control
protocol-1.1,switch,ulysses22.tsp,22,GEO,small,MSA-ACO,hybrid_v4_2,9,20360910,5bf7fdb7b4f06017,7013,7013,0,7181,false,10951,7767116,7200,3751,0,3750,450,199663,983,150,1121257,99,1320920,47,0.00122970000666101,0.88145520001126,5.19455520001065,3.54434140001831,6.07743090001168,51,entropy_trigger
protocol-1.1,switch,ulysses22.tsp,22,GEO,small,MSA-fixed-switch,hybrid_v4_2,9,20360910,61ba92a3430ed643,7013,7013,0,7181,false,10951,7772004,7200,3751,0,3750,450,200885,990,150,1121257,99,1322142,47,0.00119699999049772,0.868710499998997,5.39297310000984,3.63713929989899,6.26306230000046,60,fixed_control
protocol-1.1,switch,ulysses22.tsp,22,GEO,small,MSA-random-switch,hybrid_v4_2,9,20360910,997ab3a3cb5cfd72,7013,7013,0,7181,false,10951,7772880,7200,3751,0,3750,450,201104,993,150,1121257,99,1322361,47,0.00129690000903793,0.813274299987825,5.32297559999279,3.60616049995588,6.13771939999424,71,random_control
protocol-1.1,switch,ulysses22.tsp,22,GEO,small,MSA-no-switch,hybrid_v4_2,9,20360910,3afff0f339621a19,7013,7013,0,7181,false,10951,7772004,7200,3751,0,3750,450,200885,990,150,1121257,99,1322142,47,0.00227209999866318,0.833128300000681,5.32212070000242,3.63392700000259,6.15775520000898,150,disabled_control
protocol-1.1,switch,ulysses22.tsp,22,GEO,small,MSA-ACO,hybrid_v4_2,10,20360911,5bf7fdb7b4f06017,7013,7013,0,7211,false,11701,8013684,7950,3751,0,3750,450,202727,1102,150,1157559,164,1360286,52,0.00122409999312367,0.951306699993438,5.50849950000702,3.81085079995682,6.46120910000172,55,entropy_trigger
protocol-1.1,switch,ulysses22.tsp,22,GEO,small,MSA-fixed-switch,hybrid_v4_2,10,20360911,61ba92a3430ed643,7013,7013,0,7211,false,11701,8201932,7950,3751,0,3750,450,222924,1277,150,1175469,187,1398393,52,0.00123739999253303,0.938643200002844,5.68415100000857,3.95238110005448,6.62419259999297,60,fixed_control
protocol-1.1,switch,ulysses22.tsp,22,GEO,small,MSA-random-switch,hybrid_v4_2,10,20360911,997ab3a3cb5cfd72,7013,7013,0,7211,false,11701,7956638,7950,3751,0,3750,450,207964,1176,150,1144560,129,1352524,52,0.0013013999996474,0.864939899998717,5.90059640000982,4.0303700001532,6.76703280000947,53,random_control
protocol-1.1,switch,ulysses22.tsp,22,GEO,small,MSA-no-switch,hybrid_v4_2,10,20360911,3afff0f339621a19,7013,7013,0,7211,false,11701,10556730,7950,3751,0,3750,450,376967,2899,150,1465240,569,1842207,52,0.00158830000145826,0.887188799999421,7.34613040000841,5.51222929990035,8.23525949999748,150,disabled_control
protocol-1.1,switch,ulysses22.tsp,22,GEO,small,MSA-fixed-switch,hybrid_v4_2,11,20360912,61ba92a3430ed643,7013,7013,0,7432,false,12751,7266028,9000,3751,0,3750,450,144729,532,150,1067765,48,1212494,59,0.00247880000097211,1.45505180000328,5.35978859999159,3.57980749999115,6.81757699999434,60,fixed_control
protocol-1.1,switch,ulysses22.tsp,22,GEO,small,MSA-ACO,hybrid_v4_2,11,20360912,5bf7fdb7b4f06017,7013,7013,0,7432,false,12751,7264428,9000,3751,0,3750,450,144329,531,150,1067765,48,1212094,59,0.0013553999888245,1.43492129999504,5.81809039998916,3.86942119989544,7.25456970000232,51,entropy_trigger
protocol-1.1,switch,ulysses22.tsp,22,GEO,small,MSA-no-switch,hybrid_v4_2,11,20360912,3afff0f339621a19,7013,7013,0,7432,false,12751,7278864,9000,3751,0,3750,450,147938,560,150,1067765,48,1215703,59,0.00263550000090618,1.3406074999948,5.45538880000822,3.64047060000303,6.79891789999965,150,disabled_control
protocol-1.1,switch,ulysses22.tsp,22,GEO,small,MSA-random-switch,hybrid_v4_2,11,20360912,997ab3a3cb5cfd72,7013,7013,0,7432,false,12751,7261624,9000,3751,0,3750,450,143628,523,150,1067765,48,1211393,59,0.00198549999913666,1.53328419999161,5.7557317000028,3.78354910002963,7.29119119999814,61,random_control
protocol-1.1,switch,ulysses22.tsp,22,GEO,small,MSA-ACO,hybrid_v4_2,12,20360913,5bf7fdb7b4f06017,7013,7013,0,7083,false,7201,8229234,3450,3751,0,3750,450,186686,982,150,1220678,140,1407364,22,0.00256310000258964,0.536693299989565,6.24657889999798,4.37172960003954,6.78611060000549,52,entropy_trigger
protocol-1.1,switch,ulysses22.tsp,22,GEO,small,MSA-fixed-switch,hybrid_v4_2,12,20360913,61ba92a3430ed643,7013,7013,0,7083,false,7201,8543686,3450,3751,0,3750,450,197193,1120,150,1266082,185,1463275,22,0.00257890000648331,0.560121099988464,6.39592489998904,4.51110369998787,6.95894989999942,60,fixed_control
protocol-1.1,switch,ulysses22.tsp,22,GEO,small,MSA-random-switch,hybrid_v4_2,12,20360913,997ab3a3cb5cfd72,7013,7013,0,7083,false,7201,8920076,3450,3751,0,3750,450,218248,1336,150,1314777,208,1533025,22,0.00217320000228938,0.509855900003458,6.57672300000559,4.65575640005409,7.0890373000002,73,random_control
protocol-1.1,switch,ulysses22.tsp,22,GEO,small,MSA-no-switch,hybrid_v4_2,12,20360913,3afff0f339621a19,7013,7013,0,7083,false,7201,10483316,3450,3751,0,3750,450,335002,2331,150,1497481,380,1832483,22,0.00221459999738727,0.478039299996453,7.65300580000621,5.79866789998778,8.13356329999806,150,disabled_control
protocol-1.1,switch,ulysses22.tsp,22,GEO,small,MSA-ACO,hybrid_v4_2,13,20360914,5bf7fdb7b4f06017,7013,7013,0,7811,false,8401,8044866,4650,3751,0,3750,450,218771,1269,150,1164160,128,1382931,30,0.00162450000061654,0.63077040000644,5.98649720000685,4.1501909000508,6.61908770000446,52,entropy_trigger
protocol-1.1,switch,ulysses22.tsp,22,GEO,small,MSA-fixed-switch,hybrid_v4_2,13,20360914,61ba92a3430ed643,7013,7013,0,7811,false,8401,8074984,4650,3751,0,3750,450,221946,1328,150,1167063,127,1389009,30,0.00133870000718161,0.676746500001173,6.09442069999932,4.27081759998691,6.7726973999961,60,fixed_control
protocol-1.1,switch,ulysses22.tsp,22,GEO,small,MSA-random-switch,hybrid_v4_2,13,20360914,997ab3a3cb5cfd72,7013,7013,0,7811,false,8401,8137186,4650,3751,0,3750,450,238248,1371,150,1166562,110,1404810,30,0.00175150000723079,0.646533599996474,6.12535590000334,4.20167089988536,6.77388249999785,65,random_control
protocol-1.1,switch,ulysses22.tsp,22,GEO,small,MSA-no-switch,hybrid_v4_2,13,20360914,3afff0f339621a19,7013,7013,0,7811,false,8401,8061742,4650,3751,0,3750,450,224754,1361,150,1162984,125,1387738,30,0.00251439999556169,0.653674199988018,6.13051049999194,4.27942700001586,6.78697710001143,150,disabled_control
protocol-1.1,switch,ulysses22.tsp,22,GEO,small,MSA-ACO,hybrid_v4_2,14,20360915,5bf7fdb7b4f06017,7013,7013,0,7146,false,12001,8224462,8250,3751,0,3750,450,199584,1120,150,1193684,127,1393268,54,0.00212279999686871,1.10893970000325,5.95149519998813,4.1645070000377,7.06306600000244,54,entropy_trigger
protocol-1.1,switch,ulysses22.tsp,22,GEO,small,MSA-fixed-switch,hybrid_v4_2,14,20360915,61ba92a3430ed643,7013,7013,0,7146,false,12001,8327322,8250,3751,0,3750,450,206678,1199,150,1206098,132,1412776,54,0.00247890000173356,1.19327340000018,6.01756149998982,4.20246260015119,7.21358340000734,60,fixed_control
protocol-1.1,switch,ulysses22.tsp,22,GEO,small,MSA-random-switch,hybrid_v4_2,14,20360915,997ab3a3cb5cfd72,7013,7013,0,7146,false,12001,8292028,8250,3751,0,3750,450,203694,1172,150,1202205,132,1405899,54,0.001991100012674,1.24490890000015,5.55709539999953,3.86527700000443,6.80419609999808,58,random_control
protocol-1.1,switch,ulysses22.tsp,22,GEO,small,MSA-no-switch,hybrid_v4_2,14,20360915,3afff0f339621a19,7013,7013,0,7146,false,12001,8612174,8250,3751,0,3750,450,219502,1340,150,1245024,179,1464526,54,0.00135939999017864,1.03626910000457,5.62304510000104,3.96586139997817,6.66086689999793,150,disabled_control
protocol-1.1,switch,ulysses22.tsp,22,GEO,small,MSA-ACO,hybrid_v4_2,15,20360916,5bf7fdb7b4f06017,7013,7013,0,7083,false,7651,8301292,3900,3751,0,3750,450,220644,1206,150,1208399,198,1429043,25,0.00136210001073778,0.473126799988677,5.51992130000144,3.82133910008997,5.99459100000968,52,entropy_trigger
protocol-1.1,switch,ulysses22.tsp,22,GEO,small,MSA-random-switch,hybrid_v4_2,15,20360916,997ab3a3cb5cfd72,7013,7013,0,7083,false,7651,8471916,3900,3751,0,3750,450,242591,1414,150,1222205,240,1464796,25,0.00139380000473466,0.486430699995253,5.68472030000703,3.98465399997076,6.17271890000848,67,random_control
protocol-1.1,switch,ulysses22.tsp,22,GEO,small,MSA-fixed-switch,hybrid_v4_2,15,20360916,61ba92a3430ed643,7013,7013,0,7083,false,7651,8424540,3900,3751,0,3750,450,232124,1329,150,1221287,231,1453411,25,0.00143809999281075,0.483279799998854,5.828065099995,4.10224460004247,6.31296110000403,60,fixed_control
protocol-1.1,switch,ulysses22.tsp,22,GEO,small,MSA-no-switch,hybrid_v4_2,15,20360916,3afff0f339621a19,7013,7013,0,7083,false,7651,8813714,3900,3751,0,3750,450,284971,1842,150,1250918,268,1535889,25,0.00138620000507217,0.470194199995603,5.56659070000751,3.94484239994199,6.03838449998875,150,disabled_control
protocol-1.1,switch,st70.tsp,70,EUC_2D,small,MSA-random-switch,hybrid_v4_2,2,20460903,3a4afdd99efede85,675,675,0,736,false,15151,78724318,6750,8401,0,8400,900,2488098,4349,150,11285226,291,13773324,44,0.00489589999779128,2.14712589999544,49.6058748999931,37.1279974999634,51.7581115000066,55,random_control
protocol-1.1,switch,st70.tsp,70,EUC_2D,small,MSA-ACO,hybrid_v4_2,1,20460902,8fd7abf883be1469,675,675,0,756,false,15001,92140376,6600,8401,0,8400,900,3701326,7411,150,12714167,407,16415493,43,0.00747070000215899,2.09147049998865,56.8016495999909,44.4072303999565,58.9008582000097,57,entropy_trigger
protocol-1.1,switch,st70.tsp,70,EUC_2D,small,MSA-fixed-switch,hybrid_v4_2,2,20460903,d760a429192ff2bb,675,675,0,736,false,15151,85984280,6750,8401,0,8400,900,2767903,5195,150,12308683,355,15076586,44,0.00704250000126194,2.29619130000356,52.7034729000006,40.3244246999529,55.0070603000058,60,fixed_control
protocol-1.1,switch,st70.tsp,70,EUC_2D,small,MSA-fixed-switch,hybrid_v4_2,1,20460902,d760a429192ff2bb,676,675,0.148148148148148,756,false,15001,95869936,6600,8401,0,8400,900,3522300,6965,150,13455111,433,16977411,43,0.00581360000069253,2.1393609999941,57.9551181999996,45.6640883000364,60.1005671000021,60,fixed_control
protocol-1.1,switch,st70.tsp,70,EUC_2D,small,MSA-ACO,hybrid_v4_2,2,20460903,8fd7abf883be1469,675,675,0,736,false,15151,89059508,6750,8401,0,8400,900,3176332,6159,150,12548935,377,15725267,44,0.00782509999407921,2.38243750001129,54.1118409000046,41.6166022000398,56.5023859000066,58,entropy_trigger
protocol-1.1,switch,st70.tsp,70,EUC_2D,small,MSA-random-switch,hybrid_v4_2,1,20460902,3a4afdd99efede85,678,675,0.444444444444444,756,false,15001,100053052,6600,8401,0,8400,900,3793365,7530,150,13971587,466,17764952,43,0.00379439999233,2.23662530000729,60.4687702000083,47.9682333000674,62.7093706000014,62,random_control
protocol-1.1,switch,st70.tsp,70,EUC_2D,small,MSA-no-switch,hybrid_v4_2,2,20460903,83c7d91a0a2fbee2,676,675,0.148148148148148,736,false,15151,110799364,6750,8401,0,8400,900,3429240,7020,150,16003639,609,19432879,44,0.00431859999662265,2.3669460999954,64.2789838000026,52.1818414000008,66.6504298999935,150,disabled_control
protocol-1.1,switch,st70.tsp,70,EUC_2D,small,MSA-no-switch,hybrid_v4_2,1,20460902,83c7d91a0a2fbee2,676,675,0.148148148148148,756,false,15001,118792744,6600,8401,0,8400,900,4100070,8471,150,16890399,710,20990469,43,0.00380710000172257,2.11709699999483,68.219151199999,55.839461500058,70.3402307000069,150,disabled_control
protocol-1.1,switch,st70.tsp,70,EUC_2D,small,MSA-ACO,hybrid_v4_2,4,20460905,8fd7abf883be1469,675,675,0,784,false,11551,77881496,3150,8401,0,8400,900,2545756,4416,150,11148317,291,13694073,20,0.00406720000319183,1.15899999999965,48.3622814999981,35.9810717000219,49.5255394999986,47,entropy_trigger
protocol-1.1,switch,st70.tsp,70,EUC_2D,small,MSA-random-switch,hybrid_v4_2,3,20460904,3a4afdd99efede85,675,675,0,788,false,14551,82151464,6150,8401,0,8400,900,2909745,5548,150,11582319,330,14492064,40,0.00491619999229442,2.13986579999619,50.7871491999977,38.3513328998815,52.9321201999992,47,random_control
protocol-1.1,switch,st70.tsp,70,EUC_2D,small,MSA-fixed-switch,hybrid_v4_2,3,20460904,d760a429192ff2bb,676,675,0.148148148148148,788,false,14551,87804220,6150,8401,0,8400,900,3047265,5634,150,12432765,384,15480030,40,0.00375699999858625,2.20409140000993,53.8598813999997,41.2057030000142,56.067919100009,60,fixed_control
protocol-1.1,switch,st70.tsp,70,EUC_2D,small,MSA-ACO,hybrid_v4_2,3,20460904,8fd7abf883be1469,675,675,0,788,false,14551,93382712,6150,8401,0,8400,900,3803938,7742,150,12858065,424,16662003,40,0.00365829998918343,1.85991129999456,55.9739608999953,43.3748114000045,57.8377083999949,53,entropy_trigger
protocol-1.1,switch,st70.tsp,70,EUC_2D,small,MSA-fixed-switch,hybrid_v4_2,4,20460905,d760a429192ff2bb,675,675,0,784,false,11551,98790320,3150,8401,0,8400,900,3749683,7612,150,13830503,510,17580186,20,0.00512280000839382,0.995434900003602,58.9979644000123,46.7595465999912,59.9987184000056,60,fixed_control
protocol-1.1,switch,st70.tsp,70,EUC_2D,small,MSA-random-switch,hybrid_v4_2,4,20460905,3a4afdd99efede85,675,675,0,784,false,11551,84576788,3150,8401,0,8400,900,2886340,5433,150,12037143,319,14923483,20,0.00381410001136828,0.98771869999473,51.5317848000122,39.4010238000483,52.5234985000134,60,random_control
protocol-1.1,switch,st70.tsp,70,EUC_2D,small,MSA-no-switch,hybrid_v4_2,3,20460904,83c7d91a0a2fbee2,675,675,0,788,false,14551,122492964,6150,8401,0,8400,900,3674885,7660,150,17795809,795,21470694,40,0.00482640000700485,2.03997910000908,68.6139473999938,56.6120955000079,70.658992800003,150,disabled_control
protocol-1.1,switch,st70.tsp,70,EUC_2D,small,MSA-no-switch,hybrid_v4_2,4,20460905,83c7d91a0a2fbee2,675,675,0,784,false,11551,110080520,3150,8401,0,8400,900,3842926,7859,150,15650041,624,19492967,20,0.00366950000170618,0.968084199994337,64.1170914999966,52.0189797998755,65.0890477999928,150,disabled_control
protocol-1.1,switch,st70.tsp,70,EUC_2D,small,MSA-ACO,hybrid_v4_2,5,20460906,8fd7abf883be1469,677,675,0.296296296296296,736,false,14101,75392466,5700,8401,0,8400,900,2452769,4262,150,10765720,234,13218489,37,0.00369290000526235,1.70434430000023,47.4425397000014,34.8774165000359,49.1507672000007,52,entropy_trigger
protocol-1.1,switch,st70.tsp,70,EUC_2D,small,MSA-random-switch,hybrid_v4_2,5,20460906,3a4afdd99efede85,676,675,0.148148148148148,736,false,14101,69809858,5700,8401,0,8400,900,2172316,3678,150,10022254,183,12194570,37,0.00460559999919496,1.74127549999685,44.8200218999991,32.4708791999874,46.5660974000057,55,random_control
protocol-1.1,switch,st70.tsp,70,EUC_2D,small,MSA-no-switch,hybrid_v4_2,5,20460906,83c7d91a0a2fbee2,675,675,0,736,false,14101,85708924,5700,8401,0,8400,900,3104139,6356,150,12050883,338,15155022,37,0.00595790000807028,1.81418340001255,51.6957861999981,39.7741806998092,53.5161324000073,150,disabled_control
protocol-1.1,switch,st70.tsp,70,EUC_2D,small,MSA-fixed-switch,hybrid_v4_2,5,20460906,d760a429192ff2bb,680,675,0.740740740740741,736,false,14101,96297452,5700,8401,0,8400,900,3640987,7170,150,13457739,373,17098726,37,0.00435789999028202,1.91739169998618,56.8390987000021,44.9787964998104,58.7610355999932,60,fixed_control
protocol-1.1,switch,st70.tsp,70,EUC_2D,small,MSA-ACO,hybrid_v4_2,6,20460907,8fd7abf883be1469,676,675,0.148148148148148,787,false,12301,84318108,3900,8401,0,8400,900,2867996,5306,150,11997509,362,14865505,25,0.00393069999699946,1.20211909999489,51.5187661999953,39.0350085000391,52.7250095999916,49,entropy_trigger
protocol-1.1,switch,st70.tsp,70,EUC_2D,small,MSA-fixed-switch,hybrid_v4_2,6,20460907,d760a429192ff2bb,676,675,0.148148148148148,787,false,12301,102205738,3900,8401,0,8400,900,3913281,7902,150,14281924,528,18195205,25,0.00363239999569487,1.29867030000605,59.6555288999953,47.5844722000911,60.9580144000065,60,fixed_control
protocol-1.1,switch,st70.tsp,70,EUC_2D,small,MSA-random-switch,hybrid_v4_2,6,20460907,3a4afdd99efede85,675,675,0,787,false,12301,91867454,3900,8401,0,8400,900,3188059,6094,150,13042358,442,16230417,25,0.0065106999973068,1.2544143999985,54.9070025999972,42.6999604000448,56.1682053999975,72,random_control
protocol-1.1,switch,st70.tsp,70,EUC_2D,small,MSA-no-switch,hybrid_v4_2,6,20460907,83c7d91a0a2fbee2,677,675,0.296296296296296,787,false,12301,107225276,3900,8401,0,8400,900,4126843,8211,150,14976139,609,19102982,25,0.00363350000407081,1.17340870000771,62.3634435999993,50.2477380000055,63.5407163999917,150,disabled_control
protocol-1.1,switch,st70.tsp,70,EUC_2D,small,MSA-fixed-switch,hybrid_v4_2,7,20460908,d760a429192ff2bb,677,675,0.296296296296296,740,false,17551,95753222,9150,8401,0,8400,900,3242047,6165,150,13592744,455,16834791,60,0.00747459998819977,3.00509029999375,57.2725839999912,44.6065830000734,60.2854568999901,60,fixed_control
protocol-1.1,switch,st70.tsp,70,EUC_2D,small,MSA-ACO,hybrid_v4_2,7,20460908,8fd7abf883be1469,675,675,0,740,false,17551,105918132,9150,8401,0,8400,900,4191551,8674,150,14653893,546,18845444,60,0.00358779999078251,2.72562219999963,61.4841977999895,49.1934746000334,64.2135890999925,57,entropy_trigger
protocol-1.1,switch,st70.tsp,70,EUC_2D,small,MSA-random-switch,hybrid_v4_2,7,20460908,3a4afdd99efede85,675,675,0,740,false,17551,108505010,9150,8401,0,8400,900,3962035,8192,150,15238050,559,19200085,60,0.00437029999739025,2.83176909999747,63.2755563999963,51.0228626000026,66.1118961000029,75,random_control
protocol-1.1,switch,st70.tsp,70,EUC_2D,small,MSA-ACO,hybrid_v4_2,8,20460909,8fd7abf883be1469,675,675,0,763,false,13651,95185094,5250,8401,0,8400,900,3493912,6874,150,13375646,485,16869558,34,0.0053877000027569,1.69226019999769,57.7395128000062,45.2663712999638,59.4375484000047,56,entropy_trigger
protocol-1.1,switch,st70.tsp,70,EUC_2D,small,MSA-random-switch,hybrid_v4_2,8,20460909,3a4afdd99efede85,675,675,0,763,false,13651,83690020,5250,8401,0,8400,900,2991330,5815,150,11794855,358,14786185,34,0.00416669998958241,1.57218590000411,51.4545786999952,39.323285800041,53.0311215999973,52,random_control
protocol-1.1,switch,st70.tsp,70,EUC_2D,small,MSA-no-switch,hybrid_v4_2,7,20460908,83c7d91a0a2fbee2,678,675,0.444444444444444,740,false,17551,123359136,9150,8401,0,8400,900,3730496,7842,150,17868097,771,21598593,60,0.00718509999569505,3.0998866000009,68.8835040999984,57.1651853999647,71.9908398999978,150,disabled_control
protocol-1.1,switch,st70.tsp,70,EUC_2D,small,MSA-fixed-switch,hybrid_v4_2,8,20460909,d760a429192ff2bb,676,675,0.148148148148148,763,false,13651,107118778,5250,8401,0,8400,900,4018428,8203,150,15014916,576,19033344,34,0.00738169999385718,1.74232889999985,63.9743657999934,51.326362099906,65.7243482999911,60,fixed_control
protocol-1.1,switch,st70.tsp,70,EUC_2D,small,MSA-ACO,hybrid_v4_2,9,20460910,8fd7abf883be1469,675,675,0,747,false,14551,74318010,6150,8401,0,8400,900,2248439,3754,150,10717614,230,12966053,40,0.00440679999883287,1.99430469999788,47.3890141000011,34.7479456000146,49.387922199996,47,entropy_trigger
protocol-1.1,switch,st70.tsp,70,EUC_2D,small,MSA-fixed-switch,hybrid_v4_2,9,20460910,d760a429192ff2bb,681,675,0.888888888888889,747,false,14551,72408732,6150,8401,0,8400,900,2112749,3469,150,10489861,235,12602610,40,0.00369519999367185,2.06714419998752,45.6435206000024,33.3254340000276,47.7145444999915,60,fixed_control
protocol-1.1,switch,st70.tsp,70,EUC_2D,small,MSA-no-switch,hybrid_v4_2,8,20460909,83c7d91a0a2fbee2,676,675,0.148148148148148,763,false,13651,127377534,5250,8401,0,8400,900,3960182,8380,150,18430206,854,22390388,34,0.00373799999943003,1.59908269999141,72.5335864999943,60.3356478001951,74.136587800007,150,disabled_control
protocol-1.1,switch,st70.tsp,70,EUC_2D,small,MSA-no-switch,hybrid_v4_2,9,20460910,83c7d91a0a2fbee2,680,675,0.740740740740741,747,false,14551,83352286,6150,8401,0,8400,900,2654295,4613,150,11952756,300,14607051,40,0.00693489999684971,2.23711899999762,53.2252220999944,40.3651289999834,55.4695804999938,150,disabled_control
protocol-1.1,switch,st70.tsp,70,EUC_2D,small,MSA-ACO,hybrid_v4_2,10,20460911,8fd7abf883be1469,675,675,0,775,false,13051,80870630,4650,8401,0,8400,900,2417497,4479,150,11714512,320,14132009,30,0.00403979999828152,1.42463570000837,52.7382034000038,39.2852217000036,54.167102899999,52,entropy_trigger
protocol-1.1,switch,st70.tsp,70,EUC_2D,small,MSA-random-switch,hybrid_v4_2,9,20460910,3a4afdd99efede85,676,675,0.148148148148148,747,false,14551,96079716,6150,8401,0,8400,900,3488924,6833,150,13517575,459,17006499,40,0.00404840000555851,1.95333129999926,61.2911430999957,47.6365101000265,63.2487180999888,54,random_control
protocol-1.1,switch,st70.tsp,70,EUC_2D,small,MSA-fixed-switch,hybrid_v4_2,10,20460911,d760a429192ff2bb,675,675,0,775,false,13051,97471880,4650,8401,0,8400,900,3605968,7292,150,13689073,444,17295041,30,0.00669680000282824,1.46203330000571,63.8874059999944,50.1087489999045,65.3564176000073,60,fixed_control
protocol-1.1,switch,st70.tsp,70,EUC_2D,small,MSA-random-switch,hybrid_v4_2,10,20460911,3a4afdd99efede85,675,675,0,775,false,13051,85524066,4650,8401,0,8400,900,2620802,4881,150,12354548,349,14975350,30,0.00478499999735504,1.49474419999751,59.5011730999977,44.9254815000313,61.0009017999982,61,random_control
protocol-1.1,switch,st70.tsp,70,EUC_2D,small,MSA-fixed-switch,hybrid_v4_2,11,20460912,d760a429192ff2bb,676,675,0.148148148148148,796,false,10801,86573192,2400,8401,0,8400,900,2817700,5277,150,12424387,344,15242087,15,0.00419369999144692,0.792832499995711,66.5797453000123,50.760841299998,67.3771479999996,60,fixed_control
protocol-1.1,switch,st70.tsp,70,EUC_2D,small,MSA-ACO,hybrid_v4_2,11,20460912,8fd7abf883be1469,677,675,0.296296296296296,796,false,10801,105018274,2400,8401,0,8400,900,3872991,7960,150,14795040,498,18668031,15,0.00392200000351295,0.764218499985873,77.3860567999945,61.6892699999589,78.1543865999993,47,entropy_trigger
protocol-1.1,switch,st70.tsp,70,EUC_2D,small,MSA-no-switch,hybrid_v4_2,10,20460911,83c7d91a0a2fbee2,678,675,0.444444444444444,775,false,13051,113610186,4650,8401,0,8400,900,3192284,6710,150,16654580,674,19846864,30,0.00436640001134947,1.57675290000043,80.3726240999968,65.2101068000193,81.9539315999864,150,disabled_control
protocol-1.1,switch,st70.tsp,70,EUC_2D,small,MSA-random-switch,hybrid_v4_2,11,20460912,3a4afdd99efede85,675,675,0,796,false,10801,82457996,2400,8401,0,8400,900,2671384,4899,150,11836065,336,14507449,15,0.00765769999998156,0.965932200007956,65.8859170000069,49.7562063999212,66.8598346999934,66,random_control
protocol-1.1,switch,st70.tsp,70,EUC_2D,small,MSA-ACO,hybrid_v4_2,12,20460913,8fd7abf883be1469,675,675,0,750,false,16801,85837270,8400,8401,0,8400,900,3593328,7107,150,11714648,320,15307976,55,0.00575510000635404,3.38143160000618,68.7714275000035,52.5363390000275,72.158826400002,55,entropy_trigger
protocol-1.1,switch,st70.tsp,70,EUC_2D,small,MSA-random-switch,hybrid_v4_2,12,20460913,3a4afdd99efede85,675,675,0,750,false,16801,67854286,8400,8401,0,8400,900,2089380,3410,150,9720116,157,11809496,55,0.00748169999860693,3.3126110000012,56.9889322999952,40.7223755000159,60.3093194000103,51,random_control
protocol-1.1,switch,st70.tsp,70,EUC_2D,small,MSA-no-switch,hybrid_v4_2,11,20460912,83c7d91a0a2fbee2,676,675,0.148148148148148,796,false,10801,111365464,2400,8401,0,8400,900,3410394,7303,150,16161303,662,19571697,15,0.00766339999972843,1.00621980000869,82.0702903999918,66.5009391000203,83.0844851000002,150,disabled_control
protocol-1.1,switch,st70.tsp,70,EUC_2D,small,MSA-fixed-switch,hybrid_v4_2,12,20460913,d760a429192ff2bb,675,675,0,750,false,16801,86019676,8400,8401,0,8400,900,3359976,6569,150,11900617,324,15260593,55,0.00492729998950381,3.37340359999507,68.2598487999931,52.2007053999696,71.6384685999947,60,fixed_control
protocol-1.1,switch,st70.tsp,70,EUC_2D,small,MSA-ACO,hybrid_v4_2,13,20460914,8fd7abf883be1469,675,675,0,765,false,17851,80876508,9450,8401,0,8400,900,2995040,5487,150,11274463,277,14269503,62,0.00879829999757931,4.08821630000602,64.0047253999946,48.1739347000548,68.1023503000033,56,entropy_trigger
protocol-1.1,switch,st70.tsp,70,EUC_2D,small,MSA-no-switch,hybrid_v4_2,12,20460913,83c7d91a0a2fbee2,675,675,0,750,false,16801,99693370,8400,8401,0,8400,900,3554811,7217,150,14049676,502,17604487,55,0.00705929999821819,3.35394009998708,75.9732559999975,60.2586043000047,79.3346386000048,150,disabled_control
protocol-1.1,switch,st70.tsp,70,EUC_2D,small,MSA-random-switch,hybrid_v4_2,13,20460914,3a4afdd99efede85,675,675,0,765,false,17851,76376238,9450,8401,0,8400,900,2761538,4975,150,10680086,242,13441624,62,0.00716900000406895,3.82495520000521,62.6644061999978,46.7179080000205,66.4967768999923,62,random_control
protocol-1.1,switch,st70.tsp,70,EUC_2D,small,MSA-fixed-switch,hybrid_v4_2,13,20460914,d760a429192ff2bb,675,675,0,765,false,17851,85122962,9450,8401,0,8400,900,3461131,6613,150,11671478,294,15132609,62,0.00745689999894239,4.3419603999937,67.795984899989,51.7568687000457,72.1456901000056,60,fixed_control
protocol-1.1,switch,st70.tsp,70,EUC_2D,small,MSA-ACO,hybrid_v4_2,14,20460915,8fd7abf883be1469,675,675,0,766,false,14251,81713862,5850,8401,0,8400,900,2522744,4370,150,11770886,334,14293630,38,0.00604130000283476,2.38962009998795,64.6954951999942,48.6638425000274,67.091376299999,53,entropy_trigger
protocol-1.1,switch,st70.tsp,70,EUC_2D,small,MSA-random-switch,hybrid_v4_2,14,20460915,3a4afdd99efede85,676,675,0.148148148148148,766,false,14251,78392434,5850,8401,0,8400,900,2835384,5094,150,11008888,288,13844272,38,0.00755609999760054,2.29583149999962,62.9678134999995,46.9360636000347,65.2714697000047,57,random_control
protocol-1.1,switch,st70.tsp,70,EUC_2D,small,MSA-no-switch,hybrid_v4_2,13,20460914,83c7d91a0a2fbee2,676,675,0.148148148148148,765,false,17851,97913480,9450,8401,0,8400,900,4234642,8282,150,13287557,398,17522199,62,0.00464549999742303,3.83482259999437,74.781965599992,59.5075718999724,78.6216338999948,150,disabled_control
protocol-1.1,switch,st70.tsp,70,EUC_2D,small,MSA-fixed-switch,hybrid_v4_2,14,20460915,d760a429192ff2bb,675,675,0,766,false,14251,89858330,5850,8401,0,8400,900,3017107,5648,150,12798722,384,15815829,38,0.00805559998843819,2.45023489999585,70.0034141999931,54.0230321999261,72.4619833000033,60,fixed_control
protocol-1.1,switch,st70.tsp,70,EUC_2D,small,MSA-ACO,hybrid_v4_2,15,20460916,8fd7abf883be1469,675,675,0,796,false,10801,67841940,2400,8401,0,8400,900,2208269,3659,150,9708799,156,11917068,15,0.00786330000846647,1.01357250000001,57.0722664999921,40.862793999986,58.0939743000054,48,entropy_trigger
protocol-1.1,switch,st70.tsp,70,EUC_2D,small,MSA-fixed-switch,hybrid_v4_2,15,20460916,d760a429192ff2bb,676,675,0.148148148148148,796,false,10801,67820958,2400,8401,0,8400,900,2154683,3550,150,9741026,167,11895709,15,0.00508350000018254,1.00114730000496,56.867868900008,41.056084300013,57.8743678000028,60,fixed_control
protocol-1.1,switch,st70.tsp,70,EUC_2D,small,MSA-random-switch,hybrid_v4_2,15,20460916,3a4afdd99efede85,677,675,0.296296296296296,796,false,10801,89885692,2400,8401,0,8400,900,3161811,6121,150,12747063,320,15908874,15,0.00791939999908209,0.997827700004564,70.3802559000032,54.6644703998463,71.3862809999991,53,random_control
protocol-1.1,switch,st70.tsp,70,EUC_2D,small,MSA-no-switch,hybrid_v4_2,14,20460915,83c7d91a0a2fbee2,676,675,0.148148148148148,766,false,14251,104100070,5850,8401,0,8400,900,3258855,6762,150,15011180,546,18270035,38,0.00719069999468047,2.42096040000615,78.0341454000009,62.5288046000205,80.4625940999977,150,disabled_control
protocol-1.1,switch,st70.tsp,70,EUC_2D,small,MSA-no-switch,hybrid_v4_2,15,20460916,83c7d91a0a2fbee2,678,675,0.444444444444444,796,false,10801,82986906,2400,8401,0,8400,900,2633663,5341,150,11949364,275,14583027,15,0.00392750000173692,1.02090580000367,65.6496647000022,50.2015356000047,66.6746864000015,150,disabled_control
protocol-1.1,switch,kroC100.tsp,100,EUC_2D,small,MSA-ACO,hybrid_v4_2,1,20560902,06d8b74293ac6ef6,20749,20749,0,23011,false,28351,359865812,4350,24001,0,24000,2400,6802630,7396,600,54970032,507,61772662,28,0.0151687000034144,2.5806789000053,287.023106099994,219.543061500139,289.619281399995,77,entropy_trigger
protocol-1.1,switch,kroC100.tsp,100,EUC_2D,small,MSA-random-switch,hybrid_v4_2,1,20560902,8b4a3b253cf27c45,20749,20749,0,23011,false,28351,382991716,4350,24001,0,24000,2400,7295247,7942,600,58495938,641,65791185,28,0.0152383999957237,2.37712669999746,303.039728600008,234.790468899926,305.432442400008,93,random_control
protocol-1.1,switch,kroC100.tsp,100,EUC_2D,small,MSA-ACO,hybrid_v4_2,2,20560903,06d8b74293ac6ef6,20749,20749,0,23660,false,26401,365711540,2400,24001,0,24000,2400,6652177,6864,600,56077122,613,62729299,15,0.0083433999971021,1.30000059999293,305.270906699996,233.779253900051,306.579545200002,80,entropy_trigger
protocol-1.1,switch,kroC100.tsp,100,EUC_2D,small,MSA-fixed-switch,hybrid_v4_2,1,20560902,ae993fda1af22cd9,20749,20749,0,23011,false,28351,446912920,4350,24001,0,24000,2400,8920257,11048,600,68066132,875,76986389,28,0.0113260999933118,2.49907360000361,354.384693800006,284.385959000108,356.895333000008,105,fixed_control
protocol-1.1,switch,kroC100.tsp,100,EUC_2D,small,MSA-random-switch,hybrid_v4_2,2,20560903,8b4a3b253cf27c45,20749,20749,0,23660,false,26401,386824374,2400,24001,0,24000,2400,7633088,8659,600,58941987,607,66575075,15,0.0153430000063963,1.3919867999939,323.446963300012,250.128943700052,324.854622800005,83,random_control
protocol-1.1,switch,kroC100.tsp,100,EUC_2D,small,MSA-fixed-switch,hybrid_v4_2,2,20560903,ae993fda1af22cd9,20749,20749,0,23660,false,26401,399853616,2400,24001,0,24000,2400,7838488,8857,600,60976594,785,68815082,15,0.0108447999955388,1.27206219999061,334.089153599998,260.779277600028,335.37229900001,105,fixed_control
protocol-1.1,switch,kroC100.tsp,100,EUC_2D,small,MSA-no-switch,hybrid_v4_2,1,20560902,73881d93354f5483,20749,20749,0,23011,false,28351,451773106,4350,24001,0,24000,2400,9526440,11868,600,68472041,915,77998481,28,0.0091651999973692,2.5243247999897,368.505632200002,296.972656300044,371.039447899995,300,disabled_control
protocol-1.1,switch,kroC100.tsp,100,EUC_2D,small,MSA-no-switch,hybrid_v4_2,2,20560903,73881d93354f5483,20749,20749,0,23660,false,26401,562209272,2400,24001,0,24000,2400,14857696,22225,600,83356398,1775,98214094,15,0.0152467000007164,1.25763219999499,460.583215800012,387.882110899969,461.85641529999,300,disabled_control
protocol-1.1,switch,kroC100.tsp,100,EUC_2D,small,MSA-fixed-switch,hybrid_v4_2,3,20560904,ae993fda1af22cd9,20749,20749,0,23618,false,27751,382819322,3750,24001,0,24000,2400,7465348,8753,600,58363805,717,65829153,24,0.0168178999883821,3.13742840000486,377.106365200001,294.351523599995,380.260952600001,105,fixed_control
protocol-1.1,switch,kroC100.tsp,100,EUC_2D,small,MSA-ACO,hybrid_v4_2,3,20560904,06d8b74293ac6ef6,20749,20749,0,23618,false,27751,404667542,3750,24001,0,24000,2400,8490880,10465,600,61321487,773,69812367,24,0.0222329000098398,2.86105700000189,399.394012799996,314.473537199912,402.277654300007,88,entropy_trigger
protocol-1.1,switch,kroC100.tsp,100,EUC_2D,small,MSA-ACO,hybrid_v4_2,4,20560905,06d8b74293ac6ef6,20749,20749,0,23011,false,28651,381067236,4650,24001,0,24000,2400,7358795,8117,600,58127826,590,65486621,30,0.0276045000064187,4.08932600000117,361.837478100002,282.279788100044,365.954762499998,85,entropy_trigger
protocol-1.1,switch,kroC100.tsp,100,EUC_2D,small,MSA-random-switch,hybrid_v4_2,3,20560904,8b4a3b253cf27c45,20749,20749,0,23618,false,27751,426626662,3750,24001,0,24000,2400,8350662,9834,600,65074819,786,73425481,24,0.0154670999909285,2.78917299999739,401.697801500006,321.368718799858,404.502787299993,91,random_control
protocol-1.1,switch,kroC100.tsp,100,EUC_2D,small,MSA-fixed-switch,hybrid_v4_2,4,20560905,ae993fda1af22cd9,20749,20749,0,23011,false,28651,436027706,4650,24001,0,24000,2400,9294493,11484,600,65997439,870,75291932,30,0.015055099996971,3.21060269999725,396.549875199998,319.271540000031,399.7758761,105,fixed_control
protocol-1.1,switch,kroC100.tsp,100,EUC_2D,small,MSA-random-switch,hybrid_v4_2,4,20560905,8b4a3b253cf27c45,20749,20749,0,23011,false,28651,411375762,4650,24001,0,24000,2400,8076287,9592,600,62700919,779,70777206,30,0.0152830000006361,3.45407549999072,378.057176799994,300.831820999956,381.526870200003,82,random_control
protocol-1.1,switch,kroC100.tsp,100,EUC_2D,small,MSA-no-switch,hybrid_v4_2,3,20560904,73881d93354f5483,20749,20749,0,23618,false,27751,521075766,3750,24001,0,24000,2400,12196154,16903,600,78252675,1492,90448829,24,0.0152861000096891,2.67442310000479,454.050579800009,378.377728399762,456.740648799998,300,disabled_control
protocol-1.1,switch,kroC100.tsp,100,EUC_2D,small,MSA-no-switch,hybrid_v4_2,4,20560905,73881d93354f5483,20749,20749,0,23011,false,28651,504338118,4650,24001,0,24000,2400,11312555,14625,600,76037133,1231,87349688,30,0.0148674999945797,3.76075789998868,410.459894200001,339.329431300066,414.235854099999,300,disabled_control
protocol-1.1,switch,kroC100.tsp,100,EUC_2D,small,MSA-ACO,hybrid_v4_2,5,20560906,06d8b74293ac6ef6,20749,20749,0,23660,false,26401,372688680,2400,24001,0,24000,2400,7228217,8075,600,56855952,634,64084169,15,0.0143172000098275,2.23769899999024,284.820230600002,219.552775499862,287.07261779999,86,entropy_trigger
protocol-1.1,switch,kroC100.tsp,100,EUC_2D,small,MSA-fixed-switch,hybrid_v4_2,5,20560906,ae993fda1af22cd9,20749,20749,0,23660,false,26401,408646000,2400,24001,0,24000,2400,8235879,9955,600,62177064,827,70412943,15,0.0189786999981152,1.8003258999961,308.811299699999,243.823333999942,310.631039100001,105,fixed_control
protocol-1.1,switch,kroC100.tsp,100,EUC_2D,small,MSA-random-switch,hybrid_v4_2,5,20560906,8b4a3b253cf27c45,20749,20749,0,23660,false,26401,411452236,2400,24001,0,24000,2400,8014809,9410,600,62792150,807,70806959,15,0.0155690000101458,1.40711719999672,302.716701900004,238.219071599946,304.139761700004,100,random_control
protocol-1.1,switch,kroC100.tsp,100,EUC_2D,small,MSA-fixed-switch,hybrid_v4_2,6,20560907,ae993fda1af22cd9,20749,20749,0,23660,false,26401,384225260,2400,24001,0,24000,2400,7530718,8516,600,58577048,693,66107766,15,0.00772869998763781,1.47824340000807,291.396247299999,226.883009499914,292.882452499995,105,fixed_control
protocol-1.1,switch,kroC100.tsp,100,EUC_2D,small,MSA-ACO,hybrid_v4_2,6,20560907,06d8b74293ac6ef6,20749,20749,0,23660,false,26401,408925440,2400,24001,0,24000,2400,8222021,9724,600,62232876,735,70454897,15,0.0154364999907557,1.36440289999882,308.453860599999,243.324728300053,309.834040000002,80,entropy_trigger
protocol-1.1,switch,kroC100.tsp,100,EUC_2D,small,MSA-no-switch,hybrid_v4_2,5,20560906,73881d93354f5483,20749,20749,0,23660,false,26401,500657742,2400,24001,0,24000,2400,12230633,16912,600,74849185,1422,87079818,15,0.0142622999992454,1.37887329999649,361.602075300005,297.525492400164,362.995449099995,300,disabled_control
protocol-1.1,switch,kroC100.tsp,100,EUC_2D,small,MSA-random-switch,hybrid_v4_2,6,20560907,8b4a3b253cf27c45,20749,20749,0,23660,false,26401,451981938,2400,24001,0,24000,2400,9446309,11750,600,68592767,986,78039076,15,0.00887259999581147,1.26484619999246,335.172989400002,269.704672899956,336.44711329999,123,random_control
protocol-1.1,switch,kroC100.tsp,100,EUC_2D,small,MSA-ACO,hybrid_v4_2,7,20560908,06d8b74293ac6ef6,20749,20749,0,23342,false,26551,466160122,2550,24001,0,24000,2400,9024057,11012,600,71234799,1011,80258856,16,0.00856109999585897,1.25556340000185,343.342521899991,277.915274299899,344.607313200002,80,entropy_trigger
protocol-1.1,switch,kroC100.tsp,100,EUC_2D,small,MSA-fixed-switch,hybrid_v4_2,7,20560908,ae993fda1af22cd9,20749,20749,0,23342,false,26551,421678842,2550,24001,0,24000,2400,7889840,9242,600,64577397,834,72467237,16,0.0141329000034602,1.39920900001016,319.004740400007,253.059755200054,320.418671499996,105,fixed_control
protocol-1.1,switch,kroC100.tsp,100,EUC_2D,small,MSA-no-switch,hybrid_v4_2,6,20560907,73881d93354f5483,20749,20749,0,23660,false,26401,558884932,2400,24001,0,24000,2400,15019827,22457,600,82694254,1713,97714081,15,0.0138137000030838,1.37403130000166,397.467650999999,333.960396899973,398.856184100005,300,disabled_control
protocol-1.1,switch,kroC100.tsp,100,EUC_2D,small,MSA-random-switch,hybrid_v4_2,7,20560908,8b4a3b253cf27c45,20749,20749,0,23342,false,26551,419136312,2550,24001,0,24000,2400,7920491,9086,600,64133208,820,72053699,16,0.0122434999939287,1.37143299999298,310.497418800005,246.313289799946,311.881783600009,133,random_control
protocol-1.1,switch,kroC100.tsp,100,EUC_2D,small,MSA-ACO,hybrid_v4_2,8,20560909,06d8b74293ac6ef6,20749,20749,0,23660,false,26401,370220500,2400,24001,0,24000,2400,7079577,7731,600,56543682,669,63623259,15,0.0133956000063336,1.45759039999393,288.308713299994,222.690375399921,289.780448899997,84,entropy_trigger
protocol-1.1,switch,kroC100.tsp,100,EUC_2D,small,MSA-no-switch,hybrid_v4_2,7,20560908,73881d93354f5483,20749,20749,0,23342,false,26551,455333218,2550,24001,0,24000,2400,9182811,10995,600,69324479,971,78507290,16,0.0154239000112284,1.40696229999594,336.022365900004,272.056056900037,337.445445399993,300,disabled_control
protocol-1.1,switch,kroC100.tsp,100,EUC_2D,small,MSA-fixed-switch,hybrid_v4_2,8,20560909,ae993fda1af22cd9,20749,20749,0,23660,false,26401,409002280,2400,24001,0,24000,2400,8053182,9379,600,62358242,824,70411424,15,0.0139820000040345,1.42749689999619,310.428540699999,245.420799799977,311.870737400008,105,fixed_control
protocol-1.1,switch,kroC100.tsp,100,EUC_2D,small,MSA-random-switch,hybrid_v4_2,8,20560909,8b4a3b253cf27c45,20749,20749,0,23660,false,26401,450141598,2400,24001,0,24000,2400,9230463,11485,600,68429941,1009,77660404,15,0.0150940000021365,1.59396960001322,328.858825899995,264.920569899929,330.468410900008,100,random_control
protocol-1.1,switch,kroC100.tsp,100,EUC_2D,small,MSA-ACO,hybrid_v4_2,9,20560910,06d8b74293ac6ef6,20749,20749,0,23660,false,26401,391817892,2400,24001,0,24000,2400,7645343,8669,600,59766070,711,67411413,15,0.00762659999600146,0.979752100000042,292.333771900012,227.633927400049,293.321754399993,77,entropy_trigger
protocol-1.1,switch,kroC100.tsp,100,EUC_2D,small,MSA-fixed-switch,hybrid_v4_2,9,20560910,ae993fda1af22cd9,20749,20749,0,23660,false,26401,397400436,2400,24001,0,24000,2400,8036570,9429,600,60435676,812,68472246,15,0.00742410001112148,0.965666899995995,300.2341514,235.301365899868,301.207781699995,105,fixed_control
protocol-1.1,switch,kroC100.tsp,100,EUC_2D,small,MSA-no-switch,hybrid_v4_2,8,20560909,73881d93354f5483,20749,20749,0,23660,false,26401,463189518,2400,24001,0,24000,2400,9572483,11718,600,70376581,1038,79949064,15,0.00775469999643974,0.894673800008604,329.997270799999,268.251253400129,330.90023900001,300,disabled_control
protocol-1.1,switch,kroC100.tsp,100,EUC_2D,small,MSA-random-switch,hybrid_v4_2,9,20560910,8b4a3b253cf27c45,20749,20749,0,23660,false,26401,397137420,2400,24001,0,24000,2400,7776923,8742,600,60564938,801,68341861,15,0.0091458000097191,1.40100310000707,298.869739600006,233.929835599934,300.280527900002,103,random_control
protocol-1.1,switch,kroC100.tsp,100,EUC_2D,small,MSA-ACO,hybrid_v4_2,10,20560911,06d8b74293ac6ef6,20749,20749,0,23006,false,29101,383638048,5100,24001,0,24000,2400,7059372,7540,600,58748410,624,65807782,33,0.0154582999966806,2.68719310000597,290.024296499992,225.386146299978,292.727898700003,77,entropy_trigger
protocol-1.1,switch,kroC100.tsp,100,EUC_2D,small,MSA-fixed-switch,hybrid_v4_2,10,20560911,ae993fda1af22cd9,20749,20749,0,23006,false,29101,399794358,5100,24001,0,24000,2400,7637090,8529,600,61055983,765,68693073,33,0.0146485000004759,2.94142550000106,300.4764536,235.943417400151,303.433411699996,105,fixed_control
protocol-1.1,switch,kroC100.tsp,100,EUC_2D,small,MSA-no-switch,hybrid_v4_2,9,20560910,73881d93354f5483,20749,20749,0,23660,false,26401,556854418,2400,24001,0,24000,2400,14931363,22327,600,82414811,1870,97346174,15,0.0156879999994999,1.58440180000616,389.982627799996,327.11115029981,391.583523199995,300,disabled_control
protocol-1.1,switch,kroC100.tsp,100,EUC_2D,small,MSA-random-switch,hybrid_v4_2,10,20560911,8b4a3b253cf27c45,20749,20749,0,23006,false,29101,435077102,5100,24001,0,24000,2400,8810920,10444,600,66153887,893,74964807,33,0.0153518000006443,3.07260939999833,318.960051300004,254.93029579999,322.048421400003,91,random_control
protocol-1.1,switch,kroC100.tsp,100,EUC_2D,small,MSA-random-switch,hybrid_v4_2,11,20560912,8b4a3b253cf27c45,20749,20749,0,23595,false,27901,359408796,3900,24001,0,24000,2400,6612365,6750,600,55028206,536,61640571,25,0.0152575000101933,2.14709480000602,272.238237900005,208.467711799763,274.400967899986,85,random_control
protocol-1.1,switch,kroC100.tsp,100,EUC_2D,small,MSA-ACO,hybrid_v4_2,11,20560912,06d8b74293ac6ef6,20749,20749,0,23595,false,27901,410118156,3900,24001,0,24000,2400,8168894,9519,600,62442080,754,70610974,25,0.0147047000064049,2.20369850000134,304.199802499992,240.020858099786,306.418670400002,79,entropy_trigger
protocol-1.1,switch,kroC100.tsp,100,EUC_2D,small,MSA-fixed-switch,hybrid_v4_2,11,20560912,ae993fda1af22cd9,20749,20749,0,23595,false,27901,414524540,3900,24001,0,24000,2400,8978857,11059,600,62636502,848,71615359,25,0.00977269999566488,2.19914589999826,303.949714000002,241.007439800043,306.158904700002,105,fixed_control
protocol-1.1,switch,kroC100.tsp,100,EUC_2D,small,MSA-no-switch,hybrid_v4_2,10,20560911,73881d93354f5483,20749,20749,0,23006,false,29101,550627918,5100,24001,0,24000,2400,12375162,17287,600,83036195,1668,95411357,33,0.0153793999925256,2.91357210000569,384.157655400006,321.042818500093,387.086968799995,300,disabled_control
protocol-1.1,switch,kroC100.tsp,100,EUC_2D,small,MSA-ACO,hybrid_v4_2,12,20560913,06d8b74293ac6ef6,20749,20749,0,22915,false,30451,431878296,6450,24001,0,24000,2400,8812862,10829,600,65596958,857,74409820,42,0.0142986999999266,3.75471349999134,314.876051799991,250.526363200057,318.645470999996,82,entropy_trigger
protocol-1.1,switch,kroC100.tsp,100,EUC_2D,small,MSA-fixed-switch,hybrid_v4_2,12,20560913,ae993fda1af22cd9,20749,20749,0,22915,false,30451,409591504,6450,24001,0,24000,2400,8435079,10371,600,62134348,830,70569427,42,0.00880229999893345,3.66442810000444,304.408813999995,239.936221900032,308.082305899996,105,fixed_control
protocol-1.1,switch,kroC100.tsp,100,EUC_2D,small,MSA-random-switch,hybrid_v4_2,12,20560913,8b4a3b253cf27c45,20749,20749,0,22915,false,30451,394231076,6450,24001,0,24000,2400,8005402,9567,600,59860728,767,67866130,42,0.0136536999925738,3.58682120000594,296.009481300003,230.831374299945,299.610254200001,112,random_control
protocol-1.1,switch,kroC100.tsp,100,EUC_2D,small,MSA-no-switch,hybrid_v4_2,11,20560912,73881d93354f5483,20749,20749,0,23595,false,27901,569466832,3900,24001,0,24000,2400,15010692,22360,600,84438994,1833,99449686,25,0.0125632999988738,2.1777815999958,401.714025099995,337.710476799912,403.904779100005,300,disabled_control
protocol-1.1,switch,kroC100.tsp,100,EUC_2D,small,MSA-ACO,hybrid_v4_2,13,20560914,06d8b74293ac6ef6,20749,20749,0,23660,false,26401,376663048,2400,24001,0,24000,2400,7067793,7517,600,57625296,651,64693089,15,0.0151408999954583,1.1192158999911,292.403367099992,226.045026399937,293.538081000006,77,entropy_trigger
protocol-1.1,switch,kroC100.tsp,100,EUC_2D,small,MSA-fixed-switch,hybrid_v4_2,13,20560914,ae993fda1af22cd9,20749,20749,0,23660,false,26401,414693674,2400,24001,0,24000,2400,8554309,10225,600,62972723,899,71527032,15,0.00960160000249743,1.20635639999819,319.049992999993,251.884024400046,320.266282700002,105,fixed_control
protocol-1.1,switch,kroC100.tsp,100,EUC_2D,small,MSA-no-switch,hybrid_v4_2,12,20560913,73881d93354f5483,20749,20749,0,22915,false,30451,487354408,6450,24001,0,24000,2400,10097550,12934,600,73986518,1211,84084068,42,0.00793269999849144,3.60089320001134,357.211934599996,292.625238699853,360.821061299997,300,disabled_control
protocol-1.1,switch,kroC100.tsp,100,EUC_2D,small,MSA-random-switch,hybrid_v4_2,13,20560914,8b4a3b253cf27c45,20749,20749,0,23660,false,26401,422661496,2400,24001,0,24000,2400,8360532,9954,600,64429878,901,72790410,15,0.0102822999906493,1.19005079999624,324.829567200009,257.627036999955,326.030196399995,111,random_control
protocol-1.1,switch,kroC100.tsp,100,EUC_2D,small,MSA-ACO,hybrid_v4_2,14,20560915,06d8b74293ac6ef6,20749,20749,0,23451,false,27601,375835578,3600,24001,0,24000,2400,7030139,7965,600,57492487,646,64522626,23,0.00820899999234825,2.0869617999997,296.619397899995,229.595001800029,298.714887299997,82,entropy_trigger
protocol-1.1,switch,kroC100.tsp,100,EUC_2D,small,MSA-random-switch,hybrid_v4_2,14,20560915,8b4a3b253cf27c45,20749,20749,0,23451,false,27601,393397668,3600,24001,0,24000,2400,8001512,9483,600,59771920,729,67773432,23,0.013767900003586,2.04400939999323,307.8345443,240.53407160005,309.892649300004,95,random_control
protocol-1.1,switch,kroC100.tsp,100,EUC_2D,small,MSA-fixed-switch,hybrid_v4_2,14,20560915,ae993fda1af22cd9,20749,20749,0,23451,false,27601,442274704,3600,24001,0,24000,2400,9050256,11369,600,67218930,950,76269186,23,0.0149052000051597,2.14315459999489,334.942082300011,268.589793200052,337.100464699994,105,fixed_control
protocol-1.1,switch,kroC100.tsp,100,EUC_2D,small,MSA-no-switch,hybrid_v4_2,13,20560914,73881d93354f5483,20749,20749,0,23660,false,26401,565262920,2400,24001,0,24000,2400,14626284,21426,600,84019614,1813,98645898,15,0.0138029000081588,1.20662659998925,410.7999232,345.343378799938,412.020678300003,300,disabled_control
protocol-1.1,switch,kroC100.tsp,100,EUC_2D,small,MSA-ACO,hybrid_v4_2,15,20560916,06d8b74293ac6ef6,20749,20749,0,23660,false,26401,379201216,2400,24001,0,24000,2400,7083126,7802,600,58038102,670,65121228,15,0.00766269999439828,1.30427770000824,271.337271199998,211.216974100229,272.649979900001,97,entropy_trigger
protocol-1.1,switch,kroC100.tsp,100,EUC_2D,small,MSA-fixed-switch,hybrid_v4_2,15,20560916,ae993fda1af22cd9,20749,20749,0,23660,false,26401,383968662,2400,24001,0,24000,2400,7355054,8121,600,58651391,678,66006445,15,0.00905010000860784,1.37196299999778,269.162864600003,210.474645699927,270.54412549999,105,fixed_control
protocol-1.1,switch,kroC100.tsp,100,EUC_2D,small,MSA-no-switch,hybrid_v4_2,14,20560915,73881d93354f5483,20749,20749,0,23451,false,27601,558994260,3600,24001,0,24000,2400,14822942,22235,600,82823732,1738,97646674,23,0.0140329999994719,2.16311239999777,364.160327899997,305.635329100071,366.337842099994,300,disabled_control
protocol-1.1,switch,kroC100.tsp,100,EUC_2D,small,MSA-random-switch,hybrid_v4_2,15,20560916,8b4a3b253cf27c45,20749,20749,0,23660,false,26401,436821748,2400,24001,0,24000,2400,7870623,9030,600,67116526,875,74987149,15,0.00790849998884369,1.31926899999962,287.530373500005,231.283203700077,288.857768999995,133,random_control
protocol-1.1,switch,kroC100.tsp,100,EUC_2D,small,MSA-no-switch,hybrid_v4_2,15,20560916,73881d93354f5483,20749,20749,0,23660,false,26401,490573304,2400,24001,0,24000,2400,9360943,11285,600,75081572,1103,84442515,15,0.00833880000573117,1.38900809999905,291.784055099997,239.098126099954,293.181633500004,300,disabled_control
protocol-1.1,switch,kroA150.tsp,150,EUC_2D,medium,MSA-ACO,hybrid_v4_2,4,20360905,00083bc347086e7a,26590,26524,0.248831247172372,31365,false,40051,3291097564,4050,36001,0,36000,3000,99955738,120242,1200,480877827,15505,580833565,26,0.027656999998726,3.67938449999201,2549.6086831,2375.44882280022,2553.31948820001,135,forced_at_window_end
protocol-1.1,switch,kroA150.tsp,150,EUC_2D,medium,MSA-fixed-switch,hybrid_v4_2,4,20360905,9b7068053b0b6aac,26565,26524,0.154576986879807,31365,false,40051,3317936846,4050,36001,0,36000,3000,102325853,124261,1200,483770964,15620,586096817,26,0.0251394000079017,3.71282960000099,2569.21554579999,2393.55006259997,2572.95571100002,105,fixed_control
protocol-1.1,switch,kroA150.tsp,150,EUC_2D,medium,MSA-fixed-switch,hybrid_v4_2,2,20360903,9b7068053b0b6aac,26580,26524,0.211129543055346,31479,false,38401,3315197720,2400,36001,0,36000,3000,100987799,121866,1200,484247729,15550,585235528,15,0.024584099999629,2.21633549997932,2585.13535339999,2409.1502877,2587.37876289999,105,fixed_control
protocol-1.1,switch,kroA150.tsp,150,EUC_2D,medium,MSA-ACO,hybrid_v4_2,2,20360903,00083bc347086e7a,26596,26524,0.271452269642588,31479,false,38401,3333416328,2400,36001,0,36000,3000,99758220,119759,1200,488103883,15910,587862103,15,0.027392999996664,2.23103349999292,2585.3928191,2410.20864869974,2587.65354280002,135,forced_at_window_end
protocol-1.1,switch,kroA150.tsp,150,EUC_2D,medium,MSA-fixed-switch,hybrid_v4_2,1,20360902,9b7068053b0b6aac,26655,26524,0.493892323933042,31479,false,38401,3331445464,2400,36001,0,36000,3000,100142086,120777,1200,487519495,15349,587661581,15,0.0240588000160642,2.19476310000755,2590.0255621,2413.81260969961,2592.2462352,105,fixed_control
protocol-1.1,switch,kroA150.tsp,150,EUC_2D,medium,MSA-fixed-switch,hybrid_v4_2,3,20360904,9b7068053b0b6aac,26604,26524,0.301613632936209,31447,false,41551,3348416174,5550,36001,0,36000,3000,101313401,122339,1200,489488320,15567,590801721,36,0.0274792999844067,4.88139309998951,2589.32617469999,2415.4526684001,2594.237142,105,fixed_control
protocol-1.1,switch,kroA150.tsp,150,EUC_2D,medium,MSA-random-switch,hybrid_v4_2,1,20360902,a476ba54133c3748,26701,26524,0.667320162871362,31479,false,38401,3352186104,2400,36001,0,36000,3000,101851320,124097,1200,489836779,15686,591688099,15,0.0273556000029203,2.25715200000559,2595.57334539999,2420.74108390033,2597.85988440001,82,random_control
protocol-1.1,switch,kroA150.tsp,150,EUC_2D,medium,MSA-ACO,hybrid_v4_2,1,20360902,00083bc347086e7a,26550,26524,0.0980244307042678,31479,false,38401,3359068664,2400,36001,0,36000,3000,99392861,118900,1200,492622845,15297,592015706,15,0.0248230000142939,2.24277519999305,2597.8282014,2422.07474739966,2600.09784179999,135,forced_at_window_end
protocol-1.1,switch,kroA150.tsp,150,EUC_2D,medium,MSA-no-switch,hybrid_v4_2,1,20360902,93c38b1b15d6f63a,26695,26524,0.644699140401146,31479,false,38401,3407401718,2400,36001,0,36000,3000,90444698,99985,1200,506643796,14260,597088494,15,0.0282345999730751,2.23946209999849,2611.4145825,2439.35796810008,2613.6842093,300,disabled_control
protocol-1.1,switch,kroA150.tsp,150,EUC_2D,medium,MSA-random-switch,hybrid_v4_2,4,20360905,a476ba54133c3748,26683,26524,0.599457095460715,31365,false,40051,3368776104,4050,36001,0,36000,3000,102107829,125185,1200,492389523,15616,594497352,26,0.0296362999943085,3.69161239999812,2613.30775199999,2438.0350424998,2617.03125689999,89,random_control
protocol-1.1,switch,kroA150.tsp,150,EUC_2D,medium,MSA-random-switch,hybrid_v4_2,2,20360903,a476ba54133c3748,26695,26524,0.644699140401146,31479,false,38401,3345010254,2400,36001,0,36000,3000,100711542,121382,1200,489400656,15899,590112198,15,0.0266830000036862,2.23501850001048,2620.83298780001,2444.21923559983,2623.09699990001,113,random_control
protocol-1.1,switch,kroA150.tsp,150,EUC_2D,medium,MSA-ACO,hybrid_v4_2,3,20360904,00083bc347086e7a,26602,26524,0.294073292112804,31447,false,41551,3392896882,5550,36001,0,36000,3000,99914851,119030,1200,497834138,15722,597748989,36,0.0286877999897115,4.92370670000673,2626.53276830001,2452.34526649967,2631.4876309,135,forced_at_window_end
protocol-1.1,switch,kroA150.tsp,150,EUC_2D,medium,MSA-random-switch,hybrid_v4_2,3,20360904,a476ba54133c3748,26571,26524,0.177198009350023,31447,false,41551,3378981782,5550,36001,0,36000,3000,99912884,120062,1200,495516266,15817,595429150,36,0.028790599986678,4.95748650000314,2628.8349936,2453.74056310009,2633.82366140001,113,random_control
protocol-1.1,switch,kroA150.tsp,150,EUC_2D,medium,MSA-no-switch,hybrid_v4_2,2,20360903,93c38b1b15d6f63a,26693,26524,0.637158799577741,31479,false,38401,3474628956,2400,36001,0,36000,3000,101824743,111325,1200,510261639,14299,612086382,15,0.0288776000088546,2.24815539998235,2668.4064486,2496.04012639989,2670.68558819999,300,disabled_control
protocol-1.1,switch,kroA150.tsp,150,EUC_2D,medium,MSA-no-switch,hybrid_v4_2,3,20360904,93c38b1b15d6f63a,26675,26524,0.569295732167094,31447,false,41551,3517873198,5550,36001,0,36000,3000,101446663,109300,1200,517642316,13493,619088979,36,0.0290918999817222,4.88542519998737,2715.1257878,2542.46622019963,2720.04243169999,300,disabled_control
protocol-1.1,switch,kroA150.tsp,150,EUC_2D,medium,MSA-ACO,hybrid_v4_2,5,20360906,00083bc347086e7a,26595,26524,0.267682099230885,31479,false,38401,3253846540,2400,36001,0,36000,3000,100776361,120774,1200,474163491,14372,574939852,15,0.0344832999981008,2.43234790000133,2528.76830150001,2353.42820629975,2531.23618820001,135,forced_at_window_end
protocol-1.1,switch,kroA150.tsp,150,EUC_2D,medium,MSA-no-switch,hybrid_v4_2,5,20360906,93c38b1b15d6f63a,26736,26524,0.799276127280953,31479,false,38401,3281579560,2400,36001,0,36000,3000,95915587,107410,1200,482026177,13989,577941764,15,0.0337433999811765,2.37667210001382,2562.882797,2389.91320619994,2565.2951093,300,disabled_control
protocol-1.1,switch,kroA150.tsp,150,EUC_2D,medium,MSA-ACO,hybrid_v4_2,6,20360907,00083bc347086e7a,26613,26524,0.335545166641532,31479,false,38401,3319077176,2400,36001,0,36000,3000,98312831,118744,1200,486677617,15425,584990448,15,0.034741599985864,2.32112529998994,2571.89158240001,2399.37639419994,2574.24913919999,135,forced_at_window_end
protocol-1.1,switch,kroA150.tsp,150,EUC_2D,medium,MSA-random-switch,hybrid_v4_2,5,20360906,a476ba54133c3748,26646,26524,0.459960790227718,31479,false,38401,3305925850,2400,36001,0,36000,3000,102192109,123085,1200,481899544,15063,584091653,15,0.0350383000040893,2.43341060000239,2585.89308050001,2409.54752659984,2588.3633697,99,random_control
protocol-1.1,switch,kroA150.tsp,150,EUC_2D,medium,MSA-random-switch,hybrid_v4_2,6,20360907,a476ba54133c3748,26587,26524,0.237520735937264,31479,false,38401,3316915058,2400,36001,0,36000,3000,98962316,119211,1200,485884274,15361,584846590,15,0.035299799987115,2.39920420001727,2574.73654370001,2400.0367585998,2577.17273200001,130,random_control
protocol-1.1,switch,kroA150.tsp,150,EUC_2D,medium,MSA-fixed-switch,hybrid_v4_2,5,20360906,9b7068053b0b6aac,26654,26524,0.490122153521339,31479,false,38401,3291880560,2400,36001,0,36000,3000,103034235,124472,1200,478997245,15266,582031480,15,0.035374099999899,2.33507410000311,2588.0929241,2411.5985812002,2590.46531949998,105,fixed_control
protocol-1.1,switch,kroA150.tsp,150,EUC_2D,medium,MSA-fixed-switch,hybrid_v4_2,6,20360907,9b7068053b0b6aac,26610,26524,0.324234655406424,31479,false,38401,3322070178,2400,36001,0,36000,3000,100616520,121997,1200,485640658,15571,586257178,15,0.0345382000086829,2.33171649998985,2580.12245390002,2406.09705070013,2582.490131,105,fixed_control
protocol-1.1,switch,kroA150.tsp,150,EUC_2D,medium,MSA-no-switch,hybrid_v4_2,4,20360905,93c38b1b15d6f63a,26650,26524,0.475041471874529,31365,false,40051,3390489680,4050,36001,0,36000,3000,93590543,106021,1200,501686643,15786,595277186,26,0.034237599989865,4.07682710001245,2628.8452364,2456.76299730025,2632.96243480002,300,disabled_control
protocol-1.1,switch,kroA150.tsp,150,EUC_2D,medium,MSA-random-switch,hybrid_v4_2,7,20360908,a476ba54133c3748,26633,26524,0.410948574875584,31086,false,42451,3357042368,6450,36001,0,36000,3000,103120001,125108,1200,489699119,15438,592819120,42,0.0344557000207715,6.51170950001688,2616.4511798,2441.08612169974,2622.99903820001,93,random_control
protocol-1.1,switch,kroA150.tsp,150,EUC_2D,medium,MSA-ACO,hybrid_v4_2,7,20360908,00083bc347086e7a,26590,26524,0.248831247172372,31086,false,42451,3375187984,6450,36001,0,36000,3000,101382376,120705,1200,493881805,15741,595264181,42,0.0361039999988861,6.36869289999595,2635.38895609998,2460.64916619979,2641.79568340001,135,forced_at_window_end
protocol-1.1,switch,kroA150.tsp,150,EUC_2D,medium,MSA-no-switch,hybrid_v4_2,6,20360907,93c38b1b15d6f63a,26679,26524,0.584376413813904,31479,false,38401,3455897538,2400,36001,0,36000,3000,93688284,102910,1200,512564042,13991,606252326,15,0.0258427999797277,2.33955779997632,2667.10115639999,2496.43064419986,2669.46815669999,300,disabled_control
protocol-1.1,switch,kroA150.tsp,150,EUC_2D,medium,MSA-fixed-switch,hybrid_v4_2,7,20360908,9b7068053b0b6aac,26624,26524,0.377017041170261,31086,false,42451,3397461172,6450,36001,0,36000,3000,101809879,122930,1200,497309001,15909,599118880,42,0.0349223999946844,6.40612929998315,2663.59445879998,2487.67245179997,2670.03737890002,105,fixed_control
protocol-1.1,switch,kroA150.tsp,150,EUC_2D,medium,MSA-ACO,hybrid_v4_2,8,20360909,00083bc347086e7a,26640,26524,0.437339767757503,31750,false,40201,3379422186,4200,36001,0,36000,3000,101656419,121242,1200,494461060,15633,596117479,27,0.028951699991012,4.1073985999974,2622.11934040001,2448.84453210005,2626.25734059999,135,forced_at_window_end
protocol-1.1,switch,kroA150.tsp,150,EUC_2D,medium,MSA-no-switch,hybrid_v4_2,7,20360908,93c38b1b15d6f63a,26712,26524,0.708792037400091,31086,false,42451,3434231032,6450,36001,0,36000,3000,95908270,108261,1200,507371717,14836,603279987,42,0.0352978000009898,6.52343110000947,2674.172142,2501.00360149969,2680.73211809999,300,disabled_control
protocol-1.1,switch,kroA150.tsp,150,EUC_2D,medium,MSA-fixed-switch,hybrid_v4_2,8,20360909,9b7068053b0b6aac,26580,26524,0.211129543055346,31750,false,40201,3379904624,4200,36001,0,36000,3000,102131855,122200,1200,494224509,15810,596356364,27,0.0354187999910209,4.22819439999876,2646.48650649999,2470.9593062003,2650.7516938,105,fixed_control
protocol-1.1,switch,kroA150.tsp,150,EUC_2D,medium,MSA-random-switch,hybrid_v4_2,8,20360909,a476ba54133c3748,26602,26524,0.294073292112804,31750,false,40201,3412183602,4200,36001,0,36000,3000,101653731,121067,1200,499923088,15795,601576819,27,0.0341334999829996,4.2681432000245,2664.17324950002,2486.92618540014,2668.48047869999,129,random_control
protocol-1.1,switch,kroA150.tsp,150,EUC_2D,medium,MSA-ACO,hybrid_v4_2,10,20360911,00083bc347086e7a,26554,26524,0.113105112351078,31479,false,38401,3316956410,2400,36001,0,36000,3000,101723312,121541,1200,484050502,14900,585773814,15,0.0351650999800768,2.36144360000617,2599.71202809998,2423.78091799995,2602.1101123,135,forced_at_window_end
protocol-1.1,switch,kroA150.tsp,150,EUC_2D,medium,MSA-fixed-switch,hybrid_v4_2,10,20360911,9b7068053b0b6aac,26579,26524,0.207359372643643,31479,false,38401,3339309890,2400,36001,0,36000,3000,102735113,124476,1200,487101548,15645,589836661,15,0.0343802999996115,2.33071010001004,2611.44776559999,2434.15952830008,2613.8142197,105,fixed_control
protocol-1.1,switch,kroA150.tsp,150,EUC_2D,medium,MSA-no-switch,hybrid_v4_2,10,20360911,93c38b1b15d6f63a,26624,26524,0.377017041170261,31479,false,38401,3251790554,2400,36001,0,36000,3000,105471800,116210,1200,470690534,12896,576162334,15,0.0327228000096511,2.34648450001259,2572.72248889998,2397.88979749967,2575.10376299999,300,disabled_control
protocol-1.1,switch,kroA150.tsp,150,EUC_2D,medium,MSA-ACO,hybrid_v4_2,9,20360910,00083bc347086e7a,26624,26524,0.377017041170261,31354,false,40801,3414710832,4800,36001,0,36000,3000,100227231,120439,1200,501280293,15643,601507524,31,0.0358396999945398,4.71600610000314,2661.99412440002,2486.427968,2666.74734269999,135,forced_at_window_end
protocol-1.1,switch,kroA150.tsp,150,EUC_2D,medium,MSA-fixed-switch,hybrid_v4_2,9,20360910,9b7068053b0b6aac,26655,26524,0.493892323933042,31354,false,40801,3386137096,4800,36001,0,36000,3000,102815881,124148,1200,494792237,15731,597608118,31,0.0362071999988984,4.85235819997615,2659.85821410001,2482.04517900018,2664.74824469999,105,fixed_control
protocol-1.1,switch,kroA150.tsp,150,EUC_2D,medium,MSA-random-switch,hybrid_v4_2,9,20360910,a476ba54133c3748,26691,26524,0.629618458754336,31354,false,40801,3397033304,4800,36001,0,36000,3000,101885564,123672,1200,497228483,16118,599114047,31,0.035054299980402,4.94810539999162,2660.0718068,2481.55200419988,2665.05663770001,80,random_control
protocol-1.1,switch,kroA150.tsp,150,EUC_2D,medium,MSA-random-switch,hybrid_v4_2,10,20360911,a476ba54133c3748,26680,26524,0.588146584225607,31479,false,38401,3327850672,2400,36001,0,36000,3000,102593335,124674,1200,485286197,15345,587879532,15,0.0357280999887735,2.32849880002323,2625.0017509,2446.40124390001,2627.36756499999,80,random_control
protocol-1.1,switch,kroA150.tsp,150,EUC_2D,medium,MSA-random-switch,hybrid_v4_2,11,20360912,a476ba54133c3748,26604,26524,0.301613632936209,31342,false,41701,3331871726,5700,36001,0,36000,3000,101026292,122596,1200,486918568,15205,587944860,37,0.0337396000104491,5.63615579999168,2609.4532433,2432.61058310003,2615.12543000001,118,random_control
protocol-1.1,switch,kroA150.tsp,150,EUC_2D,medium,MSA-ACO,hybrid_v4_2,11,20360912,00083bc347086e7a,26590,26524,0.248831247172372,31342,false,41701,3371518208,5700,36001,0,36000,3000,99998198,120408,1200,494211711,15691,594209909,37,0.0347695000236854,5.64491360000102,2639.8798921,2463.76116179983,2645.56097000002,135,forced_at_window_end
protocol-1.1,switch,kroA150.tsp,150,EUC_2D,medium,MSA-fixed-switch,hybrid_v4_2,11,20360912,9b7068053b0b6aac,26565,26524,0.154576986879807,31342,false,41701,3336044364,5700,36001,0,36000,3000,101523357,124372,1200,487282631,15413,588805988,37,0.031513800000539,5.771639100014,2648.96041249999,2469.96365039979,2654.76479810002,105,fixed_control
protocol-1.1,switch,kroA150.tsp,150,EUC_2D,medium,MSA-no-switch,hybrid_v4_2,8,20360909,93c38b1b15d6f63a,26726,26524,0.761574423163927,31750,false,40201,3570611790,4200,36001,0,36000,3000,97401171,106860,1200,529162826,14300,626563997,27,0.0355964000045788,4.25781830001506,2797.0582504,2621.70964049976,2801.35373890001,300,disabled_control
protocol-1.1,switch,kroA150.tsp,150,EUC_2D,medium,MSA-ACO,hybrid_v4_2,12,20360913,00083bc347086e7a,26683,26524,0.599457095460715,31262,false,38701,3317125464,2700,36001,0,36000,3000,99752601,118382,1200,485384985,15127,585137586,17,0.035087799973553,2.59627330000512,2625.78455159999,2447.16195249982,2628.41773329998,135,forced_at_window_end
protocol-1.1,switch,kroA150.tsp,150,EUC_2D,medium,MSA-no-switch,hybrid_v4_2,11,20360912,93c38b1b15d6f63a,26641,26524,0.441109938169205,31342,false,41701,3507095392,5700,36001,0,36000,3000,89516248,102732,1200,523795875,15067,613312123,37,0.0355562000186183,5.71354060000158,2759.94849590003,2583.58676349997,2765.70044030002,300,disabled_control
protocol-1.1,switch,kroA150.tsp,150,EUC_2D,medium,MSA-no-switch,hybrid_v4_2,9,20360910,93c38b1b15d6f63a,26695,26524,0.644699140401146,31354,false,40801,3745183822,4800,36001,0,36000,3000,99003799,111766,1200,557174746,16918,656178545,31,0.0353079999913462,4.97672700000112,2940.12854219999,2764.2002993002,2945.14192570001,300,disabled_control
protocol-1.1,switch,kroA150.tsp,150,EUC_2D,medium,MSA-fixed-switch,hybrid_v4_2,12,20360913,9b7068053b0b6aac,26611,26524,0.328004825818127,31262,false,38701,3317549370,2700,36001,0,36000,3000,101074581,121736,1200,484574316,15224,585648897,17,0.0430849999829661,2.99735750001855,2624.69702399999,2445.06340360001,2627.75110960001,105,fixed_control
protocol-1.1,switch,kroA150.tsp,150,EUC_2D,medium,MSA-random-switch,hybrid_v4_2,12,20360913,a476ba54133c3748,26762,26524,0.897300557985221,31262,false,38701,3318132066,2700,36001,0,36000,3000,101400747,122518,1200,484453988,15489,585854735,17,0.0361880999989808,2.7777528000006,2626.47644979999,2446.79459770015,2629.29378150002,96,random_control
protocol-1.1,switch,kroA150.tsp,150,EUC_2D,medium,MSA-fixed-switch,hybrid_v4_2,14,20360915,9b7068053b0b6aac,26669,26524,0.546674709696878,31497,false,41551,3243663734,5550,36001,0,36000,3000,102109448,123828,1200,471498882,14663,573608330,36,0.0352270999865141,5.92430670000613,2553.32066999999,2376.17887769965,2559.28462009999,105,fixed_control
protocol-1.1,switch,kroA150.tsp,150,EUC_2D,medium,MSA-ACO,hybrid_v4_2,14,20360915,00083bc347086e7a,26630,26524,0.399638063640477,31497,false,41551,3285418530,5550,36001,0,36000,3000,99366564,118902,1200,480286604,14587,579653168,36,0.0370284999953583,5.80300529999658,2593.37217640001,2415.57119440011,2599.2154855,135,forced_at_window_end
protocol-1.1,switch,kroA150.tsp,150,EUC_2D,medium,MSA-fixed-switch,hybrid_v4_2,13,20360914,9b7068053b0b6aac,26637,26524,0.426029256522395,31479,false,38401,3390842986,2400,36001,0,36000,3000,103193581,124051,1200,495384752,15483,598578333,15,0.0362237000081223,2.47176250000484,2653.32367289998,2477.20353820027,2655.8345687,105,fixed_control
protocol-1.1,switch,kroA150.tsp,150,EUC_2D,medium,MSA-no-switch,hybrid_v4_2,14,20360915,93c38b1b15d6f63a,26704,26524,0.67863067410647,31497,false,41551,3207630452,5550,36001,0,36000,3000,86400746,97828,1200,475965803,15206,562366549,36,0.0370833000051789,6.18709409999428,2537.93450980002,2362.4392605001,2544.1607755,300,disabled_control
protocol-1.1,switch,kroA150.tsp,150,EUC_2D,medium,MSA-random-switch,hybrid_v4_2,13,20360914,a476ba54133c3748,26688,26524,0.618307947519228,31479,false,38401,3380668094,2400,36001,0,36000,3000,101231810,121833,1200,494996784,15571,596228594,15,0.0394434999907389,2.65643659999478,2656.9493749,2477.8678765998,2659.6489843,110,random_control
protocol-1.1,switch,kroA150.tsp,150,EUC_2D,medium,MSA-ACO,hybrid_v4_2,13,20360914,00083bc347086e7a,26616,26524,0.34685567787664,31479,false,38401,3384926336,2400,36001,0,36000,3000,100909847,119900,1200,495921133,15662,596830980,15,0.0476610999903642,2.47830950000207,2665.57137230001,2487.5916783,2668.10084570001,135,forced_at_window_end
protocol-1.1,switch,kroA150.tsp,150,EUC_2D,medium,MSA-random-switch,hybrid_v4_2,14,20360915,a476ba54133c3748,26641,26524,0.441109938169205,31497,false,41551,3293190240,5550,36001,0,36000,3000,99978768,121366,1200,481173753,15610,581152521,36,0.0365718999819364,5.64064030000009,2581.00023499998,2404.02577200011,2586.68036159998,101,random_control
protocol-1.1,switch,kroA150.tsp,150,EUC_2D,medium,MSA-ACO,hybrid_v4_2,15,20360916,00083bc347086e7a,26550,26524,0.0980244307042678,31436,false,38551,3292801476,2550,36001,0,36000,3000,101372832,120120,1200,480254583,15098,581627415,16,0.037209999980405,2.59943830000702,2570.58311709997,2393.53338250014,2573.22321879998,135,forced_at_window_end
protocol-1.1,switch,kroA150.tsp,150,EUC_2D,medium,MSA-no-switch,hybrid_v4_2,12,20360913,93c38b1b15d6f63a,26601,26524,0.290303121701101,31262,false,38701,3589721858,2700,36001,0,36000,3000,97131416,107585,1200,532565174,14158,629696590,17,0.035285300022224,2.65527060002205,2751.8558083,2577.48283270004,2754.54862370002,300,disabled_control
protocol-1.1,switch,kroA150.tsp,150,EUC_2D,medium,MSA-fixed-switch,hybrid_v4_2,15,20360916,9b7068053b0b6aac,26565,26524,0.154576986879807,31436,false,38551,3344939002,2550,36001,0,36000,3000,102364843,122580,1200,488282830,15621,590647673,16,0.0392579000035767,3.21870940001099,2572.41876560001,2397.60535040006,2575.67981550001,105,fixed_control
protocol-1.1,switch,kroA150.tsp,150,EUC_2D,medium,MSA-no-switch,hybrid_v4_2,13,20360914,93c38b1b15d6f63a,26688,26524,0.618307947519228,31479,false,38401,3667539100,2400,36001,0,36000,3000,99191944,108084,1200,544168529,14353,643360473,15,0.037307199992938,2.51502039999468,2761.4926914,2592.23956509979,2764.04722889999,300,disabled_control
protocol-1.1,switch,kroA150.tsp,150,EUC_2D,medium,MSA-random-switch,hybrid_v4_2,15,20360916,a476ba54133c3748,26667,26524,0.539134368873473,31436,false,38551,3315531240,2550,36001,0,36000,3000,101848923,121490,1200,483725483,15289,585574406,16,0.040738199983025,2.94321699999273,2523.34710000001,2350.83072180007,2526.33793179999,117,random_control
protocol-1.1,switch,kroA150.tsp,150,EUC_2D,medium,MSA-no-switch,hybrid_v4_2,15,20360916,93c38b1b15d6f63a,26701,26524,0.667320162871362,31436,false,38551,3363375968,2550,36001,0,36000,3000,102204365,110940,1200,491462643,13853,593667008,16,0.0363371999992523,2.70864990001428,2508.42219269997,2341.94154639979,2511.17148009999,300,disabled_control
